run_id;data;marca;titulo;url;nome_variante;is_oos;oos_desde;ref_produto;desconto
20260227_163516Z;27/02/2026;Avène;"3 in 1 Make-Up Remover Refreshes

Fluido Desmaquilhante Fresco Calmante

200 ml";https://wells.pt/3-in-1-make-up-remover-refreshes-6179447.html;;0;;6179447;25%
20260227_163516Z;27/02/2026;Avène;"Anti-Age Fluid SPF50

Protetor Solar Fluido Rosto Anti-Idade

40 ml";https://wells.pt/anti-age-fluid-spf50-8337857.html;;0;;8337857;50%
20260227_163516Z;27/02/2026;Avène;"Anti-Imperfection Fluid SPF50

Protetor Solar Fluido Rosto Anti-Imperfeições

40 ml";https://wells.pt/anti-imperfection-fluid-spf50-8337858.html;;0;;8337858;50%
20260227_163516Z;27/02/2026;Avène;"Anti-Pigmentation Fluid SPF50+

Protetor Solar Fluido Rosto Anti-Pigmentação

40 ml";https://wells.pt/anti-pigmentation-fluid-spf50-8337859.html;;0;;8337859;50%
20260227_163516Z;27/02/2026;Avène;"Antirougeurs DAY Soothing Emulsion

Emulsão Antivermelhidão Pele Mista SPF30

40 ml";https://wells.pt/antirougeurs-day-soothing-emulsion-4878505.html;;0;;4878505;30%
20260227_163516Z;27/02/2026;Avène;"Antirougeurs ROSAMED Redness Concentrate

Creme Concentrado Antivermelhidão Antirrecidiva

30 ml";https://wells.pt/antirougeurs-rosamed-redness-concentrate-8099873.html;;0;;8099873;15%
20260227_163516Z;27/02/2026;Avène;"Antirougeurs Rosamed SPF50+

Concentrado Hidratante Pele Tendência Vermelhidão

30 ml";https://wells.pt/antirougeurs-rosamed-spf50-8429965.html;;0;;8429965;25%
20260227_163516Z;27/02/2026;Avène;"Body 24H Deodorant Soothing No Alcohol

Desodorizante Roll-On 24H Pele Sensível

50 ml";https://wells.pt/body-24h-deodorant-soothing-no-alcohol-6938680.html;;0;;6938680;30%
20260227_163516Z;27/02/2026;Avène;"Body Gentle Scrub for Sensitive Skin

Esfoliante de Corpo Suave Pele Sensível

200 ml";https://wells.pt/body-gentle-scrub-for-sensitive-skin-6545160.html;;0;;6545160;25%
20260227_163516Z;27/02/2026;Avène;"Body Gentle Shower Gel for Sensitive Skin

Gel Duche Hidrata Rosto e Corpo Pele Sensível";https://wells.pt/body-gentle-shower-gel-for-sensitive-skin-443318.html;;0;;6545079;25%
20260227_163516Z;27/02/2026;Avène;"Body Moisturizing Melt-In Balm

Bálsamo Hidratante Pele Desidratada

250 ml";https://wells.pt/body-moisturizing-melt-in-balm-6403032.html;;0;;6403032;25%
20260227_163516Z;27/02/2026;Avène;"Cicalfate+ Absorbing Repair Spray

Spray Secante e Reparador Zonas Irritadas

100ml";https://wells.pt/cicalfate-absorbing-repair-spray-7268424.html;;0;;7268424;25%
20260227_163516Z;27/02/2026;Avène;"Cicalfate HANDS Repair Barrier Cream

Creme Barreira Reparador Mãos Secas Gretadas

100 ml";https://wells.pt/cicalfate-hands-repair-barrier-cream-5195144.html;;0;;5195144;30%
20260227_163516Z;27/02/2026;Avène;"Cicalfate+ Hydrating Skin Repairing Emulsion

Creme Hidratante Pós-Cirúrgico e Pós-Tatuagem

40 ml";https://wells.pt/cicalfate-hydrating-skin-repairing-emulsion-7632459.html;;0;;7632459;30%
20260227_163516Z;27/02/2026;Avène;"Cicalfate+ Intensive Skin Recovery Serum

Sérum Reparador Pele Frágil e Irritada";https://wells.pt/cicalfate-intensive-skin-recovery-serum-7926381.html;;0;;7926381;35%
20260227_163516Z;27/02/2026;Avène;"Cicalfate+ Multi-Protective Skin Repair Cream

Creme Reparador Pele Irritada SPF50+

30 ml";https://wells.pt/cicalfate-multi-protective-skin-repair-cream-8036335.html;;0;;8036335;25%
20260227_163516Z;27/02/2026;Avène;"Cicalfate+ Purifying Cleansing Gel

Gel de Limpeza Purificante da Pele Irritada

200 ml";https://wells.pt/cicalfate-purifying-cleansing-gel-7632460.html;;0;;7632460;25%
20260227_163516Z;27/02/2026;Avène;"Cicalfate+ Repair Lip Blam

Bálsamo Repara e Protege Lábios Gretados 24H

12 ml";https://wells.pt/cicalfate-repair-lip-blam-7850120.html;;0;;7850120;30%
20260227_163516Z;27/02/2026;Avène;"Cicalfate+ Repairing Protective Cream

Creme Reparador Anti-Irritações";https://wells.pt/cicalfate-repairing-protective-cream-447915.html;40 ml;0;;7106530;30%
20260227_163516Z;27/02/2026;Avène;"Cicalfate+ Repairing Protective Cream

Creme Reparador Anti-Irritações";https://wells.pt/cicalfate-repairing-protective-cream-447915.html;100 ml;0;;7106534;30%
20260227_163516Z;27/02/2026;Avène;"Cicalfate+ Scar Gel

Gel Reduz e Melhora Aspeto das Cicatrizes

40 ml";https://wells.pt/cicalfate-scar-gel-8726970.html;;0;;8726970;25%
20260227_163516Z;27/02/2026;Avène;"Cleanance A.H.A Exfoliating Serum

Sérum Esfoliante Anti-Imperfeições Pele Acneica

30 ml";https://wells.pt/cleanance-a.h.a-exfoliating-serum-7850101.html;;0;;7850101;30%
20260227_163516Z;27/02/2026;Avène;Cleanance Cleansing Gel;https://wells.pt/cleanance-cleansing-gel-443317.html;200 ml;0;;3000724;30%
20260227_163516Z;27/02/2026;Avène;Cleanance Cleansing Gel;https://wells.pt/cleanance-cleansing-gel-443317.html;400 ml;0;;6064105;35%
20260227_163516Z;27/02/2026;Avène;Cleanance Cleansing Gel;https://wells.pt/cleanance-cleansing-gel-443317.html;100 ml;0;;6552595;25%
20260227_163516Z;27/02/2026;Avène;"Cleanance Comedomed+ Anti-Imperfection

Creme Pele com Acne e Imperfeições

30 ml";https://wells.pt/cleanance-comedomed-anti-imperfection-8517795.html;;0;;8517795;25%
20260227_163516Z;27/02/2026;Avène;"Cleanance Comedomed Intensive Serum

Serum Anti-imperfeições e Marcas de Acne

30 ml";https://wells.pt/cleanance-comedomed-intensive-serum-8737433.html;;0;;8737433;25%
20260227_163516Z;27/02/2026;Avène;"Cleanance Comedomed Peeling

Creme Peeling Redutor Borbulhas Pele Acneica

40 ml";https://wells.pt/cleanance-comedomed-peeling-8152746.html;;0;;8152746;35%
20260227_163516Z;27/02/2026;Avène;"Cleanance Comedomed Peeling Cleansing Gel

Gel de Limpeza esfoliante pele com Acne

400 ml";https://wells.pt/cleanance-comedomed-peeling-cleansing-gel-8660052.html;;0;;8660052;25%
20260227_163516Z;27/02/2026;Avène;"Cleanance Detox Mask

Máscara Detox Matifica Pele Oleosa Acneica

50 ml";https://wells.pt/cleanance-detox-mask-7889309.html;;0;;7889309;25%
20260227_163516Z;27/02/2026;Avène;"Cleanance Hydra Soothing Cleaning Cream

Creme Limpeza Compensa Tratamentos Acneicos

200 ml";https://wells.pt/cleanance-hydra-soothing-cleaning-cream-3692728.html;;0;;3692728;25%
20260227_163516Z;27/02/2026;Avène;"Cleanance Hydra Soothing Cream

Creme Compensador Tratamentos Médicos Acneicos

40 ml";https://wells.pt/cleanance-hydra-soothing-cream-3000868.html;;0;;3000868;30%
20260227_163516Z;27/02/2026;Avène;"Cleanance Mattifying Aqua-Gel

Gel Matificante Pele Oleosa e Acneica

50 ml";https://wells.pt/cleanance-mattifying-aqua-gel-7632461.html;;0;;7632461;30%
20260227_163516Z;27/02/2026;Avène;"Cleanance Micellar Water

Água Micelar Limpeza Pele Oleosa e Acneica";https://wells.pt/cleanance-micellar-water-443919.html;400 ml;0;;5075381;30%
20260227_163516Z;27/02/2026;Avène;"Cleanance Micellar Water

Água Micelar Limpeza Pele Oleosa e Acneica";https://wells.pt/cleanance-micellar-water-443919.html;100 ml;0;;6552597;25%
20260227_163516Z;27/02/2026;Avène;"Cleanance Sun Care Anti-Blemishes SPF50+

Protetor Solar Creme Rosto Pele Oleosa

50ml";https://wells.pt/cleanance-sun-care-anti-blemishes-spf50-5509368.html;;0;;5509368;50%
20260227_163516Z;27/02/2026;Avène;"Cleansing Foam Face and Eyes

Espuma Limpeza Desmaquilhante Pele Sensível

150 ml";https://wells.pt/cleansing-foam-face-and-eyes-5128084.html;;0;;5128084;35%
20260227_163516Z;27/02/2026;Avène;"Cold Cream Concentraded Hand Cream

Creme de Mãos Reparador Pele Muito Seca

50 ml";https://wells.pt/cold-cream-concentraded-hand-cream-5982437.html;;0;;5982437;25%
20260227_163516Z;27/02/2026;Avène;"Cold Cream Nourishes Protects

Creme Nutre, Hidrata e Protege a pele

100 ml";https://wells.pt/cold-cream-nourishes-protects-3598359.html;;0;;3598359;25%
20260227_163516Z;27/02/2026;Avène;"Cold Cream Nousishing Lip Balm

Bálsamo Reparador de Lábios Secos

4gr";https://wells.pt/cold-cream-nousishing-lip-balm-3000767.html;;0;;3000767;25%
20260227_163516Z;27/02/2026;Avène;"Couvrance Bronzer Glow Mosaic Powder

Pó Compacto Matificante e Fixador

9gr";https://wells.pt/couvrance-bronzer-glow-mosaic-powder-3032799.html;;0;;3032799;25%
20260227_163516Z;27/02/2026;Avène;"Couvrance Compact Foundation Cream 1.3 Honey

Base em Pó Compacto de Alta Cobertura 12h";https://wells.pt/couvrance-compact-foundation-cream-1.3-honey-368577.html;;0;;8154712;25%
20260227_163516Z;27/02/2026;Avène;"Couvrance Correcteur de Teint Iluminateur

Corretor Iluminador Pele e Olhos Sensíveis

4 ml";https://wells.pt/couvrance-correcteur-de-teint-iluminateur-8583968.html;;0;;8583968;25%
20260227_163516Z;27/02/2026;Avène;"Couvrance Eyebrow and Eye Pencil Blond

Lápis para Sobrancelhas e Olhos

1,45 ml";https://wells.pt/couvrance-eyebrow-and-eye-pencil-blond-4166734.html;;0;;4166734;25%
20260227_163516Z;27/02/2026;Avène;"Couvrance Eyebrow and Eye Pencil Brown

Lápis de Sobrancelhas e Olhos

1,45 ml";https://wells.pt/couvrance-eyebrow-and-eye-pencil-brown-4166738.html;;0;;4166738;25%
20260227_163516Z;27/02/2026;Avène;"Couvrance Fluid Foundation Corrector 2.0

Base Fluída Corretora SPF20

30ml";https://wells.pt/couvrance-fluid-foundation-corrector-2.0-3599462.html;;0;;3599462;25%
20260227_163516Z;27/02/2026;Avène;"Couvrance Fluid Foundation Corrector 3.0

Base Fluída Corretora SPF20

30ml";https://wells.pt/couvrance-fluid-foundation-corrector-3.0-3599509.html;;0;;3599509;25%
20260227_163516Z;27/02/2026;Avène;"Couvrance Fluid Foundation Corrector 4.0

Base Fluída Corretora SPF20

30 ml";https://wells.pt/couvrance-fluid-foundation-corrector-4.0-3599500.html;;0;;3599500;25%
20260227_163516Z;27/02/2026;Avène;"Couvrance Healthy Glow Mosaic Powder

Pó Compacto Matificante e Fixador

9 gr";https://wells.pt/couvrance-healthy-glow-mosaic-powder-6403053.html;;0;;6403053;25%
20260227_163516Z;27/02/2026;Avène;"Couvrance High Definition Mascara Black

Máscara de Pestanas Alta Definição Preta

7 ml";https://wells.pt/couvrance-high-definition-mascara-black-8154716.html;;0;;8154716;25%
20260227_163516Z;27/02/2026;Avène;"Couvrance High Tolerance Mascara Black

Máscara de Pestanas Volume

7 ml";https://wells.pt/couvrance-high-tolerance-mascara-black-5417187.html;;0;;5417187;25%
20260227_163516Z;27/02/2026;Avène;"Couvrance Illuminating Mosaic Powder

Pó Compacto Matificante e Fixador

9 gr";https://wells.pt/couvrance-illuminating-mosaic-powder-5662112.html;;0;;5662112;25%
20260227_163516Z;27/02/2026;Avène;"Couvrance Translucent Mosaic Powder

Pó Translúcido Matificante e Fixador

9gr";https://wells.pt/couvrance-translucent-mosaic-powder-3032776.html;;0;;3032776;25%
20260227_163516Z;27/02/2026;Avène;"Dermabsolu Concentrated Resculpting Serum

Sérum Anti Idade Rugas e Firmeza

30 ml";https://wells.pt/dermabsolu-concentrated-resculpting-serum-6739621.html;;0;;6739621;25%
20260227_163516Z;27/02/2026;Avène;"Dermabsolu Eco-Refill Redensifying Day Cream

Recarga Creme anti idade Rugas e Firmeza

50 ml";https://wells.pt/dermabsolu-eco-refill-redensifying-day-cream-8152747.html;;1;27/02/2026;8152747;30%
20260227_163516Z;27/02/2026;Avène;"Dermabsolu Filler Eye Contour Cream

Creme de Olhos Preenchimento de Rugas

15 ml";https://wells.pt/dermabsolu-filler-eye-contour-cream-6739622.html;;0;;6739622;25%
20260227_163516Z;27/02/2026;Avène;"Dermabsolu Intensive Resculpting Night Cream

Creme Noite Anti Idade Rugas e Firmeza

40 ml";https://wells.pt/dermabsolu-intensive-resculpting-night-cream-8152748.html;;0;;8152748;25%
20260227_163516Z;27/02/2026;Avène;"Dermabsolu Redensifying Day Cream

Creme Dia Anti Idade Rugas e Firmeza

50 ml";https://wells.pt/dermabsolu-redensifying-day-cream-6739604.html;;0;;6739604;30%
20260227_163516Z;27/02/2026;Avène;"Dermabsolu Serum Coffret de Natal

Coffret Sérum Anti Idade Rugas e Firmeza

1 un";https://wells.pt/dermabsolu-serum-coffret-de-natal-8608331.html;;0;;8608331;Sem desconto
20260227_163516Z;27/02/2026;Avène;"Duo Stick de Lábios Nutritivo Cold Cream

2 x 4 gr";https://wells.pt/duo-stick-de-labios-nutritivo-cold-cream-5976517.html;;1;27/02/2026;5976517;30%
20260227_163516Z;27/02/2026;Avène;"Gentle Exfoliating Gel Sensitive Skin Face

Gel Esfoliante para o Rosto Pele Sensível

50 ml";https://wells.pt/gentle-exfoliating-gel-sensitive-skin-face-8601996.html;;0;;8601996;25%
20260227_163516Z;27/02/2026;Avène;"Gentle Eye Make-Up Remover

Desmaquilhante Suave Olhos Sensíveis

125 ml";https://wells.pt/gentle-eye-make-up-remover-3045800.html;;0;;3045800;25%
20260227_163516Z;27/02/2026;Avène;"Green Concealer Stick

Corretor de Olheiras em Stick Anti-Vermelhidão

4,2 gr";https://wells.pt/green-concealer-stick-3692335.html;;0;;3692335;25%
20260227_163516Z;27/02/2026;Avène;"Hyaluron Activ B3 Cell Renewal Aqua Cream-Gel

Creme-Gel Dia Rugas AH, Niacinamida

50 ml";https://wells.pt/hyaluron-activ-b3-cell-renewal-aqua-cream-gel-7982205.html;;0;;7982205;30%
20260227_163516Z;27/02/2026;Avène;"Hyaluron Activ B3 Cell Renewal Cream

Creme Dia Rugas AH Niacinamida

50 ml";https://wells.pt/hyaluron-activ-b3-cell-renewal-cream-7654171.html;;0;;7654171;30%
20260227_163516Z;27/02/2026;Avène;"Hyaluron Activ B3 Coffret de Natal

Coffret Sérum Rugas Ácido Hialurónico Niacinamida

1 un";https://wells.pt/hyaluron-activ-b3-coffret-de-natal-8608333.html;;0;;8608333;Sem desconto
20260227_163516Z;27/02/2026;Avène;"Hyaluron Activ B3 Concentrated Plumping Serum

Sérum Rugas Ácido Hialurónico Niacinamida

30 ml";https://wells.pt/hyaluron-activ-b3-concentrated-plumping-serum-7654178.html;;0;;7654178;35%
20260227_163516Z;27/02/2026;Avène;"Hyaluron Activ B3 Multi-Intensive Night Cream

Creme Noite Rugas Retinol AH Niacinamida

40 ml";https://wells.pt/hyaluron-activ-b3-multi-intensive-night-cream-7654173.html;;0;;7654173;35%
20260227_163516Z;27/02/2026;Avène;"Hyaluron Activ B3 Refill Aqua Cream-Gel

Recarga Creme-Gel Dia Rugas

50 ml";https://wells.pt/hyaluron-activ-b3-refill-aqua-cream-gel-7982207.html;;0;;7982207;30%
20260227_163516Z;27/02/2026;Avène;"Hyaluron Activ B3 Refill Cell Renewal Cream

Recarga Creme Dia Rugas AH Niacinamida

50 ml";https://wells.pt/hyaluron-activ-b3-refill-cell-renewal-cream-7654172.html;;0;;7654172;30%
20260227_163516Z;27/02/2026;Avène;"Hyaluron Activ B3 Triple Correction Eye Cream

Creme de Olhos Rugas Olheiras Papos

15 ml";https://wells.pt/hyaluron-activ-b3-triple-correction-eye-cream-7654174.html;;0;;7654174;25%
20260227_163516Z;27/02/2026;Avène;"Hyaluron Activ Procedure Hexapeptide Solution

Sérum Tensor Rugas e Intervenção Estética

20 ml";https://wells.pt/hyaluron-activ-procedure-hexapeptide-solution-8660054.html;;0;;8660054;25%
20260227_163516Z;27/02/2026;Avène;"Hyaluron Activ Procedure Retinal 0.05%

Creme Olhos e Lábios Rugas e Luminosidade

15 ml";https://wells.pt/hyaluron-activ-procedure-retinal-0.05-8621121.html;;0;;8621121;25%
20260227_163516Z;27/02/2026;Avène;"Hyaluron Activ Procedure Retinal 0.1%

Creme Lifting Rugas e Luminosidade

30 ml";https://wells.pt/hyaluron-activ-procedure-retinal-0.1-8621112.html;;0;;8621112;25%
20260227_163516Z;27/02/2026;Avène;"Hydrance Aqua-Gel Hydrating Aqua Cream-in-gel

Creme-Gel hidratante Rosto Ácido Hialurónico

50 ml";https://wells.pt/hydrance-aqua-gel-hydrating-aqua-cream-in-gel-8517796.html;;0;;8517796;25%
20260227_163516Z;27/02/2026;Avène;"Hydrance BB Light Tinted Hydrating Emulsion

BB Cream Leve e Fluído Hidratante 24h SPF30

40 ml";https://wells.pt/hydrance-bb-light-tinted-hydrating-emulsion-5731161.html;;0;;5731161;25%
20260227_163516Z;27/02/2026;Avène;"Hydrance BB Rich Tinted Hydrating Cream

BB Cream Hidratante Duradouro SPF30

40 ml";https://wells.pt/hydrance-bb-rich-tinted-hydrating-cream-5731160.html;;0;;5731160;25%
20260227_163516Z;27/02/2026;Avène;"Hydrance BOOST Concentrated Hydrating Serum

Sérum Hidratante Rosto AH e niacinamida

30 ml";https://wells.pt/hydrance-boost-concentrated-hydrating-serum-7728214.html;;0;;7728214;30%
20260227_163516Z;27/02/2026;Avène;"Hydrance LIGHT Hydrating Emulsion

Emulsão Hidratante Rosto Pele Normal a Mista

40 ml";https://wells.pt/hydrance-light-hydrating-emulsion-3001075.html;;0;;3001075;35%
20260227_163516Z;27/02/2026;Avène;"Hydrance RICH Hydrating Cream

Creme Hidratante Rosto Pele Seca a Muito Seca

40 ml";https://wells.pt/hydrance-rich-hydrating-cream-3001071.html;;0;;3001071;30%
20260227_163516Z;27/02/2026;Avène;"Hydrance SPF30 Hydrating Cream 48H

Creme Hidratante Rosto Ácido Hialurónico

40 ml";https://wells.pt/hydrance-spf30-hydrating-cream-48h-8517807.html;;0;;8517807;25%
20260227_163516Z;27/02/2026;Avène;"Intense Eye Make-Up Waterproof Remover

Desmaquilhante Intenso Olhos Sensíveis

125 ml";https://wells.pt/intense-eye-make-up-waterproof-remover-6661562.html;;0;;6661562;25%
20260227_163516Z;27/02/2026;Avène;"Lip Balm Hydrating

Bálsamo de Lábios Hidratante em Stick

4gr";https://wells.pt/lip-balm-hydrating-5643420.html;;0;;5643420;25%
20260227_163516Z;27/02/2026;Avène;"Makeup Removing Micellar Gel

Gel Micelar Desmaquilhante Pele Seca

200 ml";https://wells.pt/makeup-removing-micellar-gel-7718430.html;;0;;7718430;25%
20260227_163516Z;27/02/2026;Avène;"MEN After-Shave Balm

Bálsamo Após-Barbear Calmante e Hidratante

75ml";https://wells.pt/men-after-shave-balm-3000653.html;;0;;3000653;25%
20260227_163516Z;27/02/2026;Avène;"MEN Anti-Aging Hydrating Care

Creme Anti-idade Hidratante e Tonificante

50ml";https://wells.pt/men-anti-aging-hydrating-care-5566835.html;;0;;5566835;25%
20260227_163516Z;27/02/2026;Avène;"MEN Shaving Foam

Espuma de Barbear Calmante sem Álcool

200ml";https://wells.pt/men-shaving-foam-3000655.html;;0;;3000655;25%
20260227_163516Z;27/02/2026;Avène;"MEN Shaving Gel

Gel de Barbear Calmante sem Álcool

150ml";https://wells.pt/men-shaving-gel-3692080.html;;0;;3692080;25%
20260227_163516Z;27/02/2026;Avène;"Micelar Water Make-Up Removing

Água Micelar Desmaquilhante Pele Sensível";https://wells.pt/micelar-water-make-up-removing-443917.html;400 ml;0;;7718428;35%
20260227_163516Z;27/02/2026;Avène;"Micelar Water Make-Up Removing

Água Micelar Desmaquilhante Pele Sensível";https://wells.pt/micelar-water-make-up-removing-443917.html;200 ml;0;;8690955;Sem desconto
20260227_163516Z;27/02/2026;Avène;"Milk Cleanser Dry Sensitive Skin

Leite de Limpeza Desmaquilhante Pele Seca

200 ml";https://wells.pt/milk-cleanser-dry-sensitive-skin-3001085.html;;0;;3001085;25%
20260227_163516Z;27/02/2026;Avène;"Pack Hyaluron Activ B3 Cream-Gel & Refill

Creme-Gel Dia Rugas AH Niacinamida + Recarga

2 x 50 ml";https://wells.pt/pack-hyaluron-activ-b3-cream-gel-and-refill-8627178.html;;0;;8627178;25%
20260227_163516Z;27/02/2026;Avène;"Pack Vitamin Activ Cg Cream & Refill

Creme Dia Rugas Vitamina C + Recarga

2 x 50 ml";https://wells.pt/pack-vitamin-activ-cg-cream-and-refill-8626992.html;;0;;8626992;25%
20260227_163516Z;27/02/2026;Avène;"Revitalizing Nourishing Cream

Creme Nutritivo Revitalizante Pele Seca

50 ml";https://wells.pt/revitalizing-nourishing-cream-6911733.html;;1;27/02/2026;6911733;25%
20260227_163516Z;27/02/2026;Avène;"RICH Revitalizing Nourishing Cream

Creme Nutritivo Revitalizante Pele Muito Seca

50 ml";https://wells.pt/rich-revitalizing-nourishing-cream-6911734.html;;1;27/02/2026;6911734;25%
20260227_163516Z;27/02/2026;Avène;"Soothing Eye Contour Cream

Creme Contorno de Olhos Sensíveis

10 ml";https://wells.pt/soothing-eye-contour-cream-8690957.html;;0;;8690957;25%
20260227_163516Z;27/02/2026;Avène;"Soothing Toning Lotion

Tónico Suave Hidratante Rosto e Olhos

200 ml";https://wells.pt/soothing-toning-lotion-3001045.html;;0;;3001045;25%
20260227_163516Z;27/02/2026;Avène;"Sun Care Cream Invisible Finish SPF50+

Protetor Solar Creme Rosto Pele Seca

50 ml";https://wells.pt/sun-care-cream-invisible-finish-spf50-3065927.html;;0;;3065927;50%
20260227_163516Z;27/02/2026;Avène;"Sun Care Cream Sensitive Skin SPF30

Protetor Solar Creme Rosto Pele Sensível

50 ml";https://wells.pt/sun-care-cream-sensitive-skin-spf30-4260082.html;;0;;4260082;50%
20260227_163516Z;27/02/2026;Avène;"Sun Care Family Spray Resistant SPF50+

Protetor Solar Spray Rosto e Corpo Criança

400 ml";https://wells.pt/sun-care-family-spray-resistant-spf50-8384284.html;;0;;8384284;50%
20260227_163516Z;27/02/2026;Avène;"Sun Care Fluid Ultra-Light SPF50+

Protetor Solar Fluido Rosto Pele Mista

50ml";https://wells.pt/sun-care-fluid-ultra-light-spf50-3065896.html;;0;;3065896;50%
20260227_163516Z;27/02/2026;Avène;"Sun Care Fragrance-Free Cream SPF50+

Protetor Solar Creme Rosto Sem Perfume

50ml";https://wells.pt/sun-care-fragrance-free-cream-spf50-4260081.html;;0;;4260081;50%
20260227_163516Z;27/02/2026;Avène;"Sun Care Fragrance-free Fluid SPF50+

Protetor Solar Fluido Rosto Sem Perfume

50ml";https://wells.pt/sun-care-fragrance-free-fluid-spf50-4670174.html;;0;;4670174;50%
20260227_163516Z;27/02/2026;Avène;"Sun Care Intense Protect SPF50+

Protetor Solar Fluido Rosto e Corpo Luz Azul";https://wells.pt/sun-care-intense-protect-spf50-7379762.html;;0;;7379762;50%
20260227_163516Z;27/02/2026;Avène;"Sun Care Lotion 100% Invisible SPF50

Protetor Solar Leite Invisível Corpo Toque Seco";https://wells.pt/sun-care-lotion-100-invisible-spf50-396990.html;;0;;8384217;50%
20260227_163516Z;27/02/2026;Avène;"Sun Care Lotion for Children SPF50+

Protetor Solar Leite Rosto e Corpo Criança

100 ml";https://wells.pt/sun-care-lotion-for-children-spf50-4072709.html;;0;;4072709;50%
20260227_163516Z;27/02/2026;Avène;"Sun Care Lotion for Children SPF50+

Protetor Solar Leite Rosto e Corpo Criança

250 ml";https://wells.pt/sun-care-lotion-for-children-spf50-5509370.html;;0;;5509370;50%
20260227_163516Z;27/02/2026;Avène;"Sun Care Mineral Cream Fragrance-free SPF50+

Protetor Solar Creme Mineral Pele Reativa

50ml";https://wells.pt/sun-care-mineral-cream-fragrance-free-spf50-3758875.html;;0;;3758875;50%
20260227_163516Z;27/02/2026;Avène;"Sun Care Mineral Lotion Fragrance-free SPF50+

Protetor Solar Leite Mineral Pele Reativa

100 ml";https://wells.pt/sun-care-mineral-lotion-fragrance-free-spf50-4883127.html;;0;;4883127;50%
20260227_163516Z;27/02/2026;Avène;"Sun Care Mineral Mineral Fluid SPF50+

Protetor Solar Fluído Mineral Pele Sensível

40ml";https://wells.pt/sun-care-mineral-mineral-fluid-spf50-6111674.html;;0;;6111674;50%
20260227_163516Z;27/02/2026;Avène;"Sun Care Mineral Mineral Fluid SPF50+

Protetor Solar de Rosto com Cor Leve

40ml";https://wells.pt/sun-care-mineral-mineral-fluid-spf50-6111677.html;;0;;6111677;50%
20260227_163516Z;27/02/2026;Avène;"Sun Care Oil Sensitive Skin SPF30

Protetor Solar Óleo Não Pegajoso Corpo

200 ml";https://wells.pt/sun-care-oil-sensitive-skin-spf30-5272722.html;;0;;5272722;50%
20260227_163516Z;27/02/2026;Avène;"Sun Care Reflexe Solaire SPF50+

Protetor Solar Creme Rosto e Corpo Sensível

30 ml";https://wells.pt/sun-care-reflexe-solaire-spf50-7739641.html;;0;;7739641;50%
20260227_163516Z;27/02/2026;Avène;"Sun Care Silky Mist Sensitive Skin SPF30

Protetor Solar Bruma Acetinada Rosto e Corpo

150 ml";https://wells.pt/sun-care-silky-mist-sensitive-skin-spf30-6511556.html;;0;;6511556;50%
20260227_163516Z;27/02/2026;Avène;"Sun Care Sport Fluid Water Resistent SPF50+

Protetor Solar Fluido Rosto e Corpo Desporto

100 ml";https://wells.pt/sun-care-sport-fluid-water-resistent-spf50-6874756.html;;0;;6874756;50%
20260227_163516Z;27/02/2026;Avène;"Sun Care Spray for Children SPF50+

Protetor Solar Spray Rosto e Corpo Criança

200 ml";https://wells.pt/sun-care-spray-for-children-spf50-4072705.html;;0;;4072705;50%
20260227_163516Z;27/02/2026;Avène;"Sun Care Spray Sensitive Skin SPF20

Protetor Solar Spray Corpo Pele Sensível

200 ml";https://wells.pt/sun-care-spray-sensitive-skin-spf20-3065957.html;;0;;3065957;50%
20260227_163516Z;27/02/2026;Avène;"Sun Care Spray Sensitive Skin SPF30

Protetor Solar Spray para Corpo Pele Sensível

200 ml";https://wells.pt/sun-care-spray-sensitive-skin-spf30-4260085.html;;0;;4260085;50%
20260227_163516Z;27/02/2026;Avène;"Sun Care Spray Sensitive Skin SPF50+

Protetor Solar Spray Corpo Pele Sensível

200 ml";https://wells.pt/sun-care-spray-sensitive-skin-spf50-3758855.html;;0;;3758855;50%
20260227_163516Z;27/02/2026;Avène;"Sun Care Stick for Sensitive Areas SPF50+

Protetor Solar em Stick para Zonas Sensíveis

10 gr";https://wells.pt/sun-care-stick-for-sensitive-areas-spf50-4072693.html;;0;;4072693;50%
20260227_163516Z;27/02/2026;Avène;"Sun Care Sunsimed KA UVB UVA Blue Light

Protetor Solar Prevenção Queratose Actínica

80 ml";https://wells.pt/sun-care-sunsimed-ka-uvb-uva-blue-light-8016030.html;;0;;8016030;50%
20260227_163516Z;27/02/2026;Avène;"Sun Care Sunsimed Pigment UVB UVA Blue Light

Protetor Solar DM Pigmentação Lentigo Melasma

80 ml";https://wells.pt/sun-care-sunsimed-pigment-uvb-uva-blue-light-8016031.html;;0;;8016031;50%
20260227_163516Z;27/02/2026;Avène;"Sun Care SunsiStick KA SPF50+

Protetor Solar Stick para Queratose Actínica";https://wells.pt/sun-care-sunsistick-ka-spf50-7379763.html;;0;;7379763;50%
20260227_163516Z;27/02/2026;Avène;"Sun Care Tinted Compact Beige SPF50+

Protetor Solar de Rosto Compacto

10gr";https://wells.pt/sun-care-tinted-compact-beige-spf50-3065906.html;;0;;3065906;50%
20260227_163516Z;27/02/2026;Avène;"Sun Care Tinted Compact Honey SPF50+

Protetor Solar em Creme com Cor

10gr";https://wells.pt/sun-care-tinted-compact-honey-spf50-3065866.html;;0;;3065866;50%
20260227_163516Z;27/02/2026;Avène;"Sun Care Tinted Cream Unifying SPF50+

Protetor Solar de Rosto com Cor Hidratante

50ml";https://wells.pt/sun-care-tinted-cream-unifying-spf50-3758851.html;;0;;3758851;50%
20260227_163516Z;27/02/2026;Avène;"Sun Care Tinted Fluid Unifying SPF50+

Protetor Solar de Rosto com Cor Hidratante

50 ml";https://wells.pt/sun-care-tinted-fluid-unifying-spf50-6511555.html;;0;;6511555;50%
20260227_163516Z;27/02/2026;Avène;"Sun Care Ultra Fluid Mat-Perfect SPF50+

Protetor Solar Fluido Rosto Mat Sensível Cor

50 ml";https://wells.pt/sun-care-ultra-fluid-mat-perfect-spf50-7536016.html;;0;;7536016;50%
20260227_163516Z;27/02/2026;Avène;"Sun Care Ultra Fluid Ultra-Mat SPF50

Protetor Solar Fluido Rosto Mat Pele Sensível

50 ml";https://wells.pt/sun-care-ultra-fluid-ultra-mat-spf50-7536015.html;;0;;7536015;50%
20260227_163516Z;27/02/2026;Avène;"Thermal Spring Water Sensitive Skin

Água Termal Spray Calmante Instantâneo";https://wells.pt/thermal-spring-water-sensitive-skin-431510.html;300 ml;0;;3000993;25%
20260227_163516Z;27/02/2026;Avène;"Thermal Spring Water Sensitive Skin

Água Termal Spray Calmante Instantâneo";https://wells.pt/thermal-spring-water-sensitive-skin-431510.html;50 ml;0;;3000998;25%
20260227_163516Z;27/02/2026;Avène;"Thermal Spring Water Sensitive Skin

Água Termal Spray Calmante Instantâneo";https://wells.pt/thermal-spring-water-sensitive-skin-431510.html;150 ml;0;;3692151;30%
20260227_163516Z;27/02/2026;Avène;"Tolérance CONTROL Soothing Skin Recovery

Creme Calmante Pele Reativa e Intolerante

40 ml";https://wells.pt/tolerance-control-soothing-skin-recovery-7378121.html;;0;;7378121;25%
20260227_163516Z;27/02/2026;Avène;"Tolérance CONTROL Soothing Skin Recovery Blam

Bálsamo Calmante Pele Seca e Intolerante

40 ml";https://wells.pt/tolerance-control-soothing-skin-recovery-blam-7378120.html;;0;;7378120;25%
20260227_163516Z;27/02/2026;Avène;"Tolérance Extremely Gentle Cleanser

Gel de Limpeza Pele Reativa e Intolerante

200 ml";https://wells.pt/tolerance-extremely-gentle-cleanser-7378122.html;;0;;7378122;25%
20260227_163516Z;27/02/2026;Avène;"Tolérance Extremely Gentle Cleanser

Gel de Limpeza Pele Reativa e Intolerante

400 ml";https://wells.pt/tolerance-extremely-gentle-cleanser-7728213.html;;0;;7728213;25%
20260227_163516Z;27/02/2026;Avène;"Tolerance HYDRA-10 Hydrating Cream

Creme Hidratante 48h Pele Seca

40 ml";https://wells.pt/tolerance-hydra-10-hydrating-cream-7618553.html;;0;;7618553;30%
20260227_163516Z;27/02/2026;Avène;"Tolerance HYDRA-10 Hydrating Fluid

Fluido Hidratante 48h Pele Normal a Mista

40 ml";https://wells.pt/tolerance-hydra-10-hydrating-fluid-7618550.html;;0;;7618550;30%
20260227_163516Z;27/02/2026;Avène;"Ultra Fluid Oil Control SPF50

Protetor Solar Fluido Rosto Pele Oleosa

50 ml";https://wells.pt/ultra-fluid-oil-control-spf50-8384279.html;;0;;8384279;50%
20260227_163516Z;27/02/2026;Avène;"Ultra Fluid Radiance SPF50+

Protetor Solar Fluido Rosto Pele Radiante

50 ml";https://wells.pt/ultra-fluid-radiance-spf50-8384268.html;;0;;8384268;50%
20260227_163516Z;27/02/2026;Avène;"Vitamin Activ Cg Eco-Refill Radiance Cream

Recarga Creme Rugas Vitamina C

50 ml";https://wells.pt/vitamin-activ-cg-eco-refill-radiance-cream-7982202.html;;0;;7982202;25%
20260227_163516Z;27/02/2026;Avène;"Vitamin Activ Cg Radiance Corrector Serum

Sérum Luminosidade Rugas Vitamina C

30 ml";https://wells.pt/vitamin-activ-cg-radiance-corrector-serum-7982180.html;;0;;7982180;30%
20260227_163516Z;27/02/2026;Avène;"Vitamin Activ Cg Radiance Intensive Cream

Creme Dia Luminosidade Rugas Vitamina C

50 ml";https://wells.pt/vitamin-activ-cg-radiance-intensive-cream-7982190.html;;0;;7982190;30%
20260227_163516Z;27/02/2026;Avène;"Vitamin Cg Serum Coffret de Natal

Coffret Sérum Luminosidade Rugas Vitamina C

1 un";https://wells.pt/vitamin-cg-serum-coffret-de-natal-8608322.html;;0;;8608322;Sem desconto
20260227_163516Z;27/02/2026;Avène;"Xeracalm A.D Lipid-Replenishing Balm

Bálsamo Relipidante Pele Seca Atópica Comichão

200 ml";https://wells.pt/xeracalm-a.d-lipid-replenishing-balm-5195068.html;;0;;5195068;25%
20260227_163516Z;27/02/2026;Avène;"Xeracalm A.D Lipid-Replenishing Balm

Bálsamo Relipidante Pele Seca Atópica Comichão

400 ml";https://wells.pt/xeracalm-a.d-lipid-replenishing-balm-6661428.html;;0;;6661428;25%
20260227_163516Z;27/02/2026;Avène;"Xeracalm A.D Lipid-Replenishing Cleansing Oil

Óleo de Limpeza Pele Seca Atópica Comichão

400 ml";https://wells.pt/xeracalm-a.d-lipid-replenishing-cleansing-oil-5195073.html;;0;;5195073;25%
20260227_163516Z;27/02/2026;Avène;"Xeracalm A.D Lipid-Replenishing Cleansing Oil

Óleo de Limpeza Pele Seca Atópica Comichão

750 ml";https://wells.pt/xeracalm-a.d-lipid-replenishing-cleansing-oil-7889347.html;;0;;7889347;25%
20260227_163516Z;27/02/2026;Avène;"Xeracalm A.D Lipid-Replenishing Cream

Creme Relipidante Pele Seca Atópica Comichão

200 ml";https://wells.pt/xeracalm-a.d-lipid-replenishing-cream-5195036.html;;0;;5195036;25%
20260227_163516Z;27/02/2026;Avène;"Xeracalm A.D Lipid-Replenishing Cream

Creme Relipidante Pele Seca Atópica Comichão

400 ml";https://wells.pt/xeracalm-a.d-lipid-replenishing-cream-6661421.html;;0;;6661421;25%
20260227_163516Z;27/02/2026;Avène;"Xeracalm A.D Soothing Concentrate

Creme Concentrado SOS Pele Atópica Comichão

40 ml";https://wells.pt/xeracalm-a.d-soothing-concentrate-8487592.html;;0;;8487592;25%
20260227_163516Z;27/02/2026;Avène;"Xeracalm AD Replenshing Milky Gel

Gel Lácteo Acalma Comichão Pele Seca Atópica

200 ml";https://wells.pt/xeracalm-ad-replenshing-milky-gel-8726971.html;;0;;8726971;25%
20260227_163516Z;27/02/2026;Avène;"Xeracalm AD Ultra-Rich Bar

Sabonete sem sabão Pele Seca Atópica Comichão

100 gr";https://wells.pt/xeracalm-ad-ultra-rich-bar-8429921.html;;0;;8429921;25%
20260227_163516Z;27/02/2026;Avène;"Xeracalm NUTRITION Cleansing Gel

Gel Duche Nutritivo Pele Seca Rosto e Corpo

500 ml";https://wells.pt/xeracalm-nutrition-cleansing-gel-7816798.html;;0;;7816798;25%
20260227_163516Z;27/02/2026;Avène;"Xeracalm NUTRITION Cleansing Gel

Gel Duche Nutritivo Pele Seca Rosto e Corpo

750 ml";https://wells.pt/xeracalm-nutrition-cleansing-gel-7816799.html;;0;;7816799;25%
20260227_163516Z;27/02/2026;Avène;"Xeracalm NUTRITION Moisturizing Balm

Bálsamo Hidratante Pele Muito Seca Família

400 ml";https://wells.pt/xeracalm-nutrition-moisturizing-balm-7816800.html;;0;;7816800;25%
20260227_163516Z;27/02/2026;Avène;"Xeracalm NUTRITION Moisturizing Lotion

Leite Hidratante Pele Seca Secagem Rápida

400 ml";https://wells.pt/xeracalm-nutrition-moisturizing-lotion-443918.html;;0;;7816801;25%
20260227_163516Z;27/02/2026;Avène;"Xeracalm NUTRITION Shower Cream

Creme Duche Sem Sabão Pele Muito Seca

500 ml";https://wells.pt/xeracalm-nutrition-shower-cream-7816797.html;;0;;7816797;25%
20260227_163516Z;27/02/2026;Ducray;"Anacaps Reactiv Hair Loss Food Supplement

Cápsulas Queda de Cabelo Stress Dieta

90 cápsulas";https://wells.pt/anacaps-reactiv-hair-loss-food-supplement-7786530.html;;0;;7786530;25%
20260227_163516Z;27/02/2026;Ducray;"Anaphase Anti-Hair Loss & Growth Shampoo

Champo Queda de Cabelo Reativa";https://wells.pt/anaphase-anti-hair-loss-and-growth-shampoo-405890.html;400 ml;0;;8430231;20%
20260227_163516Z;27/02/2026;Ducray;"Anaphase Anti-Hair Loss & Growth Shampoo

Champo Queda de Cabelo Reativa";https://wells.pt/anaphase-anti-hair-loss-and-growth-shampoo-405890.html;200 ml;0;;8430232;20%
20260227_163516Z;27/02/2026;Ducray;"Anaphase Anti-Hair Loss Anti-Thinning

Champô Queda de Cabelo Crónica

200 ml";https://wells.pt/anaphase-anti-hair-loss-anti-thinning-4536906.html;;0;;4536906;20%
20260227_163516Z;27/02/2026;Ducray;"Anaphase Anti-Hair Loss Anti-Thinning

Champô Queda de Cabelo Crónica

400 ml";https://wells.pt/anaphase-anti-hair-loss-anti-thinning-5622007.html;;0;;5622007;30%
20260227_163516Z;27/02/2026;Ducray;"Anaphase Creastim Anti-hair Loss & Growth Lotion

Loção Retarda a Queda de Cabelo Reacional

60 ml";https://wells.pt/anaphase-creastim-anti-hair-loss-and-growth-lotion-7610920.html;;0;;7610920;20%
20260227_163516Z;27/02/2026;Ducray;"Anaphase Fortifying Anti-Breakage

Condicionador Queda de Cabelo Reativa

200 ml";https://wells.pt/anaphase-fortifying-anti-breakage-8430230.html;;0;;8430230;20%
20260227_163516Z;27/02/2026;Ducray;"Cápsulas Queda Cabelo Crónica Anacaps Expert

Suplemento Alimentar Queda de Cabelo Crónica

90 cápsulas";https://wells.pt/capsulas-queda-cabelo-cronica-anacaps-expert-7786545.html;;0;;7786545;25%
20260227_163516Z;27/02/2026;Ducray;"Creme Palpebral Eczema Dexyane Med

Creme Eczema da Pálpebra

15 ml";https://wells.pt/creme-palpebral-eczema-dexyane-med-7024952.html;;0;;7024952;25%
20260227_163516Z;27/02/2026;Ducray;"Creme Rosto Anti Imperfeições Keracnyl SPF50

Fluido Anti-imperfeições Oleosa Acne SPF50+

50 ml";https://wells.pt/creme-rosto-anti-imperfeicoes-keracnyl-spf50-7607779.html;;0;;7607779;25%
20260227_163516Z;27/02/2026;Ducray;"Creme Rosto Dermatite Seborreica Kelual DS

Creme Redução Pele Descamada e Vermelhidão

40 ml";https://wells.pt/creme-rosto-dermatite-seborreica-kelual-ds-4028956.html;;0;;4028956;25%
20260227_163516Z;27/02/2026;Ducray;"Creme Tratamento do Eczema Dexyane 30ml

Creme Reparador Trata Lesões de Eczema

30 ml";https://wells.pt/creme-tratamento-do-eczema-dexyane-30ml-5976172.html;;0;;5976172;35%
20260227_163516Z;27/02/2026;Ducray;"Creme Tratamento do Eczema Dexyane

Creme Reparador Trata Lesões de Eczema

100 ml";https://wells.pt/creme-tratamento-do-eczema-dexyane-5976178.html;;0;;5976178;25%
20260227_163516Z;27/02/2026;Ducray;"Dexyane Anti-Scratching Emollient Balm

Bálsamo Rosto Corpo Pele Seca Eczema e Atópica

200 ml";https://wells.pt/dexyane-anti-scratching-emollient-balm-5976179.html;;0;;5976179;25%
20260227_163516Z;27/02/2026;Ducray;"Dexyane Anti-Scratching Emollient Balm

Bálsamo Antiprurido Pele Seca e Eczema Atópico

400 ml";https://wells.pt/dexyane-anti-scratching-emollient-balm-5976214.html;;0;;5976214;25%
20260227_163516Z;27/02/2026;Ducray;"Dexyane Anti-Scratching Emollient Cream

Creme Rosto Corpo Pele Seca Eczema e Atópica

200 ml";https://wells.pt/dexyane-anti-scratching-emollient-cream-5976215.html;;0;;5976215;25%
20260227_163516Z;27/02/2026;Ducray;"Dexyane Anti-Scratching Emollient Cream

Creme Antiprurido Pele Seca e Eczema Atópico

400 ml";https://wells.pt/dexyane-anti-scratching-emollient-cream-5976217.html;;0;;5976217;25%
20260227_163516Z;27/02/2026;Ducray;"Dexyane Ultra-Rich Cleansing Gel

Gel de Limpeza Calmante Pele Seca e Atópica

400 ml";https://wells.pt/dexyane-ultra-rich-cleansing-gel-5976219.html;;0;;5976219;25%
20260227_163516Z;27/02/2026;Ducray;"Ducray Anacaps Expert

Suplemento Alimentar Queda de Cabelo Crónica

30 cápsulas";https://wells.pt/ducray-anacaps-expert-7786543.html;;0;;7786543;25%
20260227_163516Z;27/02/2026;Ducray;"Ducray Anacaps Reactiv

Suplemento Queda de Cabelo Amamentação

30 cápsulas";https://wells.pt/ducray-anacaps-reactiv-6309121.html;;0;;6309121;25%
20260227_163516Z;27/02/2026;Ducray;"Elution Shampooing Doux Équilibrant

Champô Suave Antirrecidivo Caspa";https://wells.pt/elution-shampooing-doux-equilibrant-344279.html;200 ml;0;;6479282;28%
20260227_163516Z;27/02/2026;Ducray;"Elution Shampooing Doux Équilibrant

Champô Suave Antirrecidivo Caspa";https://wells.pt/elution-shampooing-doux-equilibrant-344279.html;400 ml;0;;6479294;30%
20260227_163516Z;27/02/2026;Ducray;"Emulsão Crosta Láctea Kelual

Emulsão Crosta Láctea Calmante Pele do Bebé

50 ml";https://wells.pt/emulsao-crosta-lactea-kelual-3066114.html;;0;;3066114;25%
20260227_163516Z;27/02/2026;Ducray;"Extra Doux Shampooing Dermo-Protecteur

Champô Ultra Suave para Uso Familiar

100 ml";https://wells.pt/extra-doux-shampooing-dermo-protecteur-5797814.html;;0;;5797814;20%
20260227_163516Z;27/02/2026;Ducray;"Extra-gentle Dermo-protective Shampoo

Champô Ultra Suave para Uso Familiar";https://wells.pt/extra-gentle-dermo-protective-shampoo-343985.html;400 ml;0;;4289378;35%
20260227_163516Z;27/02/2026;Ducray;"Extra-gentle Dermo-protective Shampoo

Champô Ultra Suave para Uso Familiar";https://wells.pt/extra-gentle-dermo-protective-shampoo-343985.html;200 ml;0;;5732892;20%
20260227_163516Z;27/02/2026;Ducray;"Gel Rubéfiant Tonique Capillaire

Gel Rubefaciente Queda Cabelo Alopécia Pelada

30 ml";https://wells.pt/gel-rubefiant-tonique-capillaire-3691734.html;;0;;3691734;20%
20260227_163516Z;27/02/2026;Ducray;"Kelual DS Gel Nettoyant Anti-squames

Gel Limpeza Dermatite Seborreica

200 ml";https://wells.pt/kelual-ds-gel-nettoyant-anti-squames-8226845.html;;0;;8226845;20%
20260227_163516Z;27/02/2026;Ducray;"Kelual DS Intensive Anti-Dandruff Shampoo

Champô Tratamento Caspa Anti-comichão

100 ml";https://wells.pt/kelual-ds-intensive-anti-dandruff-shampoo-8542652.html;;0;;8542652;20%
20260227_163516Z;27/02/2026;Ducray;"Kelual DS Sensinol Spray SOS

Spray Couro Cabeludo Calmante Anti-comichão

30 ml";https://wells.pt/kelual-ds-sensinol-spray-sos-8199454.html;;0;;8199454;20%
20260227_163516Z;27/02/2026;Ducray;"Kelual DS Treatment Shampoo

Champô Calmante Comichão Elimina a Caspa

100 ml";https://wells.pt/kelual-ds-treatment-shampoo-3600258.html;;0;;3600258;25%
20260227_163516Z;27/02/2026;Ducray;"Kelual Squanorm Anti-Dandruff Refresh Lotion

Loção Leave-in Refrescante Cabelo com Caspa

190 ml";https://wells.pt/kelual-squanorm-anti-dandruff-refresh-lotion-8660190.html;;1;27/02/2026;8660190;20%
20260227_163516Z;27/02/2026;Ducray;"Kelual Squanorm Anti-Dandruff Refreshing

Champô Resfrescante Cabelo com Caspa

400 ml";https://wells.pt/kelual-squanorm-anti-dandruff-refreshing-8660180.html;;0;;8660180;20%
20260227_163516Z;27/02/2026;Ducray;"Kelual Squanorm Anti-Dandruff Refreshing

Champô Resfrescante Cabelo com Caspa

200 ml";https://wells.pt/kelual-squanorm-anti-dandruff-refreshing-8710845.html;;0;;8710845;20%
20260227_163516Z;27/02/2026;Ducray;"Kelual Squanorm Lotion Fresh Control

Loção Refrescante Calmante Comichão da Caspa

200 ml";https://wells.pt/kelual-squanorm-lotion-fresh-control-8197158.html;;1;27/02/2026;8197158;20%
20260227_163516Z;27/02/2026;Ducray;"Kelual Squanorm Moisturizing Treatment Shampoo

Champô Hidratante Caspa Seca";https://wells.pt/kelual-squanorm-moisturizing-treatment-shampoo-374577.html;400 ml;0;;8197119;20%
20260227_163516Z;27/02/2026;Ducray;"Kelual Squanorm Moisturizing Treatment Shampoo

Champô Hidratante Caspa Seca";https://wells.pt/kelual-squanorm-moisturizing-treatment-shampoo-374577.html;200 ml;0;;8197145;20%
20260227_163516Z;27/02/2026;Ducray;"Kelual Squanorm Regulating Treatment Shampoo

Champô Caspa Oleosa

1 un";https://wells.pt/kelual-squanorm-regulating-treatment-shampoo-374576.html;200 ml;0;;8196985;20%
20260227_163516Z;27/02/2026;Ducray;"Kelual Squanorm Regulating Treatment Shampoo

Champô Caspa Oleosa

1 un";https://wells.pt/kelual-squanorm-regulating-treatment-shampoo-374576.html;400 ml;0;;8196986;20%
20260227_163516Z;27/02/2026;Ducray;"Keracnyl Cleansing Gel Anti-Imperfections

Gel Limpeza de Rosto e Corpo Pele Acneia

200 ml";https://wells.pt/keracnyl-cleansing-gel-anti-imperfections-3601978.html;;0;;3601978;25%
20260227_163516Z;27/02/2026;Ducray;"Keracnyl Gel Moussant Visage & Corps

Gel Limpeza Purificante Pele Oleosa com Acne

400 ml";https://wells.pt/keracnyl-gel-moussant-visage-and-corps-6606365.html;;0;;6606365;25%
20260227_163516Z;27/02/2026;Ducray;"Keracnyl Glycolic+ Crème Desincrustante

Creme Redutor Borbulhas Acne e Pontos Negros

30ml";https://wells.pt/keracnyl-glycolic-creme-desincrustante-7453182.html;;0;;7453182;25%
20260227_163516Z;27/02/2026;Ducray;"Keracnyl Lotion Purifiante

Loção Purificante Acne Matifica e Fecha Poros

200 ml";https://wells.pt/keracnyl-lotion-purifiante-3891879.html;;0;;3891879;25%
20260227_163516Z;27/02/2026;Ducray;"Keracnyl Mat 12H Oily Skin

Gel Matificante Pele Oleosa Ação Anti-brilho

30 ml";https://wells.pt/keracnyl-mat-12h-oily-skin-6037944.html;;0;;6037944;25%
20260227_163516Z;27/02/2026;Ducray;"Keracnyl PP+ Crème Anti-imperfections

Creme Anti-Imperfeições e Marcas Pele Acneica

30ml";https://wells.pt/keracnyl-pp-creme-anti-imperfections-7453185.html;;0;;7453185;25%
20260227_163516Z;27/02/2026;Ducray;"Keracnyl Repair Baume Lèvres

Bálsamo Lábios Gretados e Danificados Acne

15 ml";https://wells.pt/keracnyl-repair-baume-levres-5410512.html;;0;;5410512;25%
20260227_163516Z;27/02/2026;Ducray;"Keracnyl Repair Crème 48h D'Hydratation

Creme Compensador de Tratamento de Acne

50 ml";https://wells.pt/keracnyl-repair-creme-48h-dhydratation-5410519.html;;0;;5410519;25%
20260227_163516Z;27/02/2026;Ducray;"Keracnyl Stop Care Drying Gel

Gel SOS Localizado Stop Acne e Borbulhas

10 ml";https://wells.pt/keracnyl-stop-care-drying-gel-3601988.html;;0;;3601988;25%
20260227_163516Z;27/02/2026;Ducray;"Kertyol PSO Cleansing Gel

Gel de Limpeza Rosto Ultra Rico Pele Psoríase

400 ml";https://wells.pt/kertyol-pso-cleansing-gel-8487441.html;;0;;8487441;20%
20260227_163516Z;27/02/2026;Ducray;"Kertyol PSO Concentré Corps Cuir Chevelu

Creme Concentrado Couro Cabeludo Pele Psoríase

100ml";https://wells.pt/kertyol-pso-concentre-corps-cuir-chevelu-5925410.html;;0;;5925410;23%
20260227_163516Z;27/02/2026;Ducray;"Kertyol PSO Daily Balm

Bálsamo Corpo Hidratante Pele com Psoríase

200 ml";https://wells.pt/kertyol-pso-daily-balm-8487355.html;;0;;8487355;20%
20260227_163516Z;27/02/2026;Ducray;"Kertyol PSO Daily Balm

Bálsamo Corpo Hidratante Pele com Psoríase

400 ml";https://wells.pt/kertyol-pso-daily-balm-8487356.html;;0;;8487356;20%
20260227_163516Z;27/02/2026;Ducray;"Kertyol PSO Shampooing Traitant

Champô para Pele com Tendência a Psoríase

200 ml";https://wells.pt/kertyol-pso-shampooing-traitant-3069435.html;;0;;3069435;31%
20260227_163516Z;27/02/2026;Ducray;"Kit Anaphase Anti-Hair Loss and Growth

Champô Queda de Cabelo Reativa com Oferta

1 un";https://wells.pt/kit-anaphase-anti-hair-loss-and-growth-8640386.html;;0;;8640386;Sem desconto
20260227_163516Z;27/02/2026;Ducray;"Melascreen Anti-spots concentrate Brown Spots

Creme Rosto Concentrado Antimanchas

30 ml";https://wells.pt/melascreen-anti-spots-concentrate-brown-spots-7850405.html;;0;;7850405;25%
20260227_163516Z;27/02/2026;Ducray;"Melascreen Anti-spots Radiance Serum

Sérum de Rosto Iluminador Antimanchas

40 ml";https://wells.pt/melascreen-anti-spots-radiance-serum-7850440.html;;0;;7850440;25%
20260227_163516Z;27/02/2026;Ducray;"Melascreen Contour des Yeux Antitaches

Creme de Olhos Iluminador Antimanchas

15 ml";https://wells.pt/melascreen-contour-des-yeux-antitaches-7850428.html;;0;;7850428;25%
20260227_163516Z;27/02/2026;Ducray;"Melascreen Crème Antitaches Brunes

Creme de Rosto Antimanchas Pele Seca SPF50+

50 ml";https://wells.pt/melascreen-creme-antitaches-brunes-7850426.html;;0;;7850426;25%
20260227_163516Z;27/02/2026;Ducray;"Melascreen Fluide Antitaches Brunes

Fluido de Rosto Antimanchas Pele Mista SPF50+

50 ml";https://wells.pt/melascreen-fluide-antitaches-brunes-7850427.html;;0;;7850427;25%
20260227_163516Z;27/02/2026;Ducray;"Melascreen Photo-aging Night Cream

Creme de Rosto Noite Antimanchas

50 ml";https://wells.pt/melascreen-photo-aging-night-cream-6136887.html;;0;;6136887;25%
20260227_163516Z;27/02/2026;Ducray;"Neoptide Expert Sérum Antichute

Sérum Queda de Cabelo Crónica

2x50 ml";https://wells.pt/neoptide-expert-serum-antichute-7633068.html;;0;;7633068;34%
20260227_163516Z;27/02/2026;Ducray;"Refill Kelual Squanorm Moisturizing Treatment Shampoo

Champô Hidratante Caspa Seca Recarga

400 ml";https://wells.pt/refill-kelual-squanorm-moisturizing-treatment-shampoo-8710843.html;;0;;8710843;20%
20260227_163516Z;27/02/2026;Ducray;"Refill Kelual Squanorm Regulating Treatment Shampoo

Champô Caspa Oleosa Recarga

400 ml";https://wells.pt/refill-kelual-squanorm-regulating-treatment-shampoo-8710844.html;;0;;8710844;20%
20260227_163516Z;27/02/2026;Ducray;"Sabal Argeal Shampooing Quotidien Sébo-Absorbant

Champô Sebo-absorvente Cabeelo Oleoso

200 ml";https://wells.pt/sabal-argeal-shampooing-quotidien-sebo-absorbant-8471871.html;;0;;8471871;20%
20260227_163516Z;27/02/2026;Ducray;"Sabal Shampooing Traitant Sébo-Régulateur

Champô Seborregulador Cabelo Oleoso

200 ml";https://wells.pt/sabal-shampooing-traitant-sebo-regulateur-8471859.html;;0;;8471859;20%
20260227_163516Z;27/02/2026;Ducray;"Sensinol Physio-Protective Soothing Body

Leite Corpo Calmante Fisioprotetor Pele Seca

400 ml";https://wells.pt/sensinol-physio-protective-soothing-body-6606368.html;;0;;6606368;25%
20260227_163516Z;27/02/2026;Ducray;"Sensinol Shampooing Physioprotecteur

Champô Calmante Couro Cabeludo Sensível

400 ml";https://wells.pt/sensinol-shampooing-physioprotecteur-7646502.html;;0;;7646502;25%
20260227_163516Z;27/02/2026;Ducray;"Sensinol Shampooing Traitant Reative Scalps

Champô Calmante Couro Cabeludo Sensível

200 ml";https://wells.pt/sensinol-shampooing-traitant-reative-scalps-5557378.html;;0;;5557378;20%
20260227_163516Z;27/02/2026;Ducray;"Sensinol Soothing Cleansing Oil

Óleo Lavante Calmante Pele Seca Comichão";https://wells.pt/sensinol-soothing-cleansing-oil-415426.html;200 ml;0;;6037950;25%
20260227_163516Z;27/02/2026;Ducray;"Sensinol Soothing Cleansing Oil

Óleo Lavante Calmante Pele Seca Comichão";https://wells.pt/sensinol-soothing-cleansing-oil-415426.html;400 ml;0;;6606367;25%
20260227_163516Z;27/02/2026;Ducray;"Solução Aquosa Diaseptyl

Solução Antissética com Clorexidina 0,2%

125 ml";https://wells.pt/solucao-aquosa-diaseptyl-6869813.html;;0;;6869813;25%
20260227_163516Z;27/02/2026;Ducray;"Spray Anti-séptico Diaseptyl

Spray Antissético com Clorexidina 0,2%

125 ml";https://wells.pt/spray-anti-septico-diaseptyl-5824026.html;;0;;5824026;25%
20260227_163516Z;27/02/2026;Klorane;"Aquatic Mint Detox Dry Shampoo

Champô Seco Menta BIO Detox Antipoluição

150 ml";https://wells.pt/aquatic-mint-detox-dry-shampoo-7339166.html;;0;;7339166;25%
20260227_163516Z;27/02/2026;Klorane;"Avoine Extra-Doux Shampoo

Champô Aveia Ultra-Suave Cabelo Norma";https://wells.pt/avoine-extra-doux-shampoo-343978.html;400 ml;0;;3000705;35%
20260227_163516Z;27/02/2026;Klorane;"Avoine Extra-Doux Shampoo

Champô Aveia Ultra-Suave Cabelo Norma";https://wells.pt/avoine-extra-doux-shampoo-343978.html;200 ml;0;;3000709;30%
20260227_163516Z;27/02/2026;Klorane;"Avoine Extra-Doux Shampoo

Champô Aveia Ultra-Suave Cabelo Norma";https://wells.pt/avoine-extra-doux-shampoo-343978.html;100 ml;0;;3809464;25%
20260227_163516Z;27/02/2026;Klorane;"Bebé Cleansing Lotion No-Rise

Leite Limpeza Fralda e Mãos 0 meses

500 ml";https://wells.pt/bebe-cleansing-lotion-no-rise-6661598.html;;1;27/02/2026;6661598;25%
20260227_163516Z;27/02/2026;Klorane;"Bebé Cleansing Water

Água de Limpeza Hidratante Bebé

400 ml";https://wells.pt/bebe-cleansing-water-8564071.html;;0;;8564071;Sem desconto
20260227_163516Z;27/02/2026;Klorane;"Bebé Detangling Shampoo

Champô Suave a partir de 0 meses

200 ml";https://wells.pt/bebe-detangling-shampoo-6661442.html;;0;;6661442;20%
20260227_163516Z;27/02/2026;Klorane;"Bebé Moisturing Cream BIO

Creme Hidratante Rosto e Corpo 0 meses

200 ml";https://wells.pt/bebe-moisturing-cream-bio-7831744.html;;1;27/02/2026;7831744;25%
20260227_163516Z;27/02/2026;Klorane;"Bebé Multi-Purpose Oil BIO

Óleo Multiusos BIO Limpa Nutre desde 0 meses

200 ml";https://wells.pt/bebe-multi-purpose-oil-bio-7831747.html;;0;;7831747;25%
20260227_163516Z;27/02/2026;Klorane;"Bebé Nappy Cream BIO

Creme Muda da Fralda 0 meses

100 ml";https://wells.pt/bebe-nappy-cream-bio-7831740.html;;1;27/02/2026;7831740;25%
20260227_163516Z;27/02/2026;Klorane;"Bebé Nourishing Cream With Cold Cream

Creme Nutritivo Pele Seca 0 meses

125 ml";https://wells.pt/bebe-nourishing-cream-with-cold-cream-6661554.html;;0;;6661554;25%
20260227_163516Z;27/02/2026;Klorane;"Bebé Refreshing Scented Water

Água Perfumada Cabelo pele Normal 0 meses

500 ml";https://wells.pt/bebe-refreshing-scented-water-6935360.html;;0;;6935360;20%
20260227_163516Z;27/02/2026;Klorane;"Centaury Anti-Yellowing Gray, Blond Shampoo

Champô Centáurea BIO Neutraliza Tons Amarelos

400 ml";https://wells.pt/centaury-anti-yellowing-gray-blond-shampoo-6863851.html;;0;;6863851;30%
20260227_163516Z;27/02/2026;Klorane;"Centaury Anti-Yellowing Neutral Conditioner

Condicionador CentáureaBIO Neutraliza Amarelo

200 ml";https://wells.pt/centaury-anti-yellowing-neutral-conditioner-7447294.html;;1;27/02/2026;7447294;35%
20260227_163516Z;27/02/2026;Klorane;"Chamomile Brightening Blond Hair Conditioner

Condicionador Camomila Brilho Cabelo Loiro

200 ml";https://wells.pt/chamomile-brightening-blond-hair-conditioner-5870419.html;;0;;5870419;30%
20260227_163516Z;27/02/2026;Klorane;"Chamomile Brightening Blond Hair Shampoo

Champô Camomila Reflexos Dourado Cabelo Loiro";https://wells.pt/chamomile-brightening-blond-hair-shampoo-343981.html;200 ml;0;;3000697;20%
20260227_163516Z;27/02/2026;Klorane;"Chamomile Brightening Blond Hair Shampoo

Champô Camomila Reflexos Dourado Cabelo Loiro";https://wells.pt/chamomile-brightening-blond-hair-shampoo-343981.html;400 ml;0;;3000699;35%
20260227_163516Z;27/02/2026;Klorane;"Chamomile Brightening Blond Hair Spray

Spray Camomila Aclarador 3-em-1 Cabelo Loiro

100 ml";https://wells.pt/chamomile-brightening-blond-hair-spray-7615327.html;;1;27/02/2026;7615327;30%
20260227_163516Z;27/02/2026;Klorane;"Citrus Purifying Normal to Oily Hair Shampoo

Champô Cidra BIO Purifica Cabelo Oleoso

200 ml";https://wells.pt/citrus-purifying-normal-to-oily-hair-shampoo-3066199.html;;0;;3066199;25%
20260227_163516Z;27/02/2026;Klorane;"Citrus Purifying Normal to Oily Hair Shampoo

Champô Cidra BIO Purifica Cabelo Oleoso

400 ml";https://wells.pt/citrus-purifying-normal-to-oily-hair-shampoo-3066206.html;;0;;3066206;30%
20260227_163516Z;27/02/2026;Klorane;"Creme Lavante Cold Cream Calendula

Creme Banho para Bebé Pele Muito Seca

500 ml";https://wells.pt/creme-lavante-cold-cream-calendula-6661456.html;;0;;6661456;25%
20260227_163516Z;27/02/2026;Klorane;"Crème Sublimatrice Après-Soleil

Creme Pós Solar Reparador Nutritivo

200 ml";https://wells.pt/creme-sublimatrice-apres-soleil-7129225.html;;0;;7129225;25%
20260227_163516Z;27/02/2026;Klorane;"Cupuaçu BIO Creme Duche Nutri Frangipanier

Creme Duche Hidratante e Nutritivo Frangipani

200 ml";https://wells.pt/cupuacu-bio-creme-duche-nutri-frangipanier-7724349.html;;0;;7724349;25%
20260227_163516Z;27/02/2026;Klorane;"Cupuaçu BIO Creme Duche Nutritivo

Creme Duche Hidratante e Nutritivo Cupuaçu

200 ml";https://wells.pt/cupuacu-bio-creme-duche-nutritivo-6515197.html;;0;;6515197;25%
20260227_163516Z;27/02/2026;Klorane;"Cupuaçu BIO Creme Duche Nutritivo Amandier

Creme Duche Hidratante Leite Amêndoa

200 ml";https://wells.pt/cupuacu-bio-creme-duche-nutritivo-amandier-7724346.html;;0;;7724346;30%
20260227_163516Z;27/02/2026;Klorane;"Cupuaçu BIO Gel Duche Nutritivo Cèdre

Gel Duche Hidratante e Nutritivo Cedro

200 ml";https://wells.pt/cupuacu-bio-gel-duche-nutritivo-cedre-7724348.html;;0;;7724348;30%
20260227_163516Z;27/02/2026;Klorane;"Cupuaçu BIO Gel Duche Nutritivo Fève de Tonka

Gel Duche Hidratante e Nutritivo Fava Tonka

200 ml";https://wells.pt/cupuacu-bio-gel-duche-nutritivo-feve-de-tonka-7724352.html;;0;;7724352;30%
20260227_163516Z;27/02/2026;Klorane;"Cupuaçu BIO Gel Duche Nutritivo Figuier

Gel Duche Hidratante e Nutritivo Figueira

200 ml";https://wells.pt/cupuacu-bio-gel-duche-nutritivo-figuier-7724345.html;;0;;7724345;25%
20260227_163516Z;27/02/2026;Klorane;"Cupuaçu BIO Gel Duche Nutritivo Hibiscus

Gel Duche Hidratante Flor de Hibísco

200 ml";https://wells.pt/cupuacu-bio-gel-duche-nutritivo-hibiscus-6515228.html;;0;;6515228;25%
20260227_163516Z;27/02/2026;Klorane;"Cupuaçu Repairing CICA-shampoo

Champô Cupuaçu Nutre Repara Cabelo Muito Seco

200 ml";https://wells.pt/cupuacu-repairing-cica-shampoo-8500174.html;;0;;8500174;30%
20260227_163516Z;27/02/2026;Klorane;"Cupuaçu Repairing Conditioner

Condicionador Cupuaçu Nutre Repara Cabelo Seco

200 ml";https://wells.pt/cupuacu-repairing-conditioner-8500259.html;;0;;8500259;30%
20260227_163516Z;27/02/2026;Klorane;"Cupuaçu Repairing Restorative CICA-Serum

Sérum Cupuaçu Repara Cabelo Muito Seco

100 ml";https://wells.pt/cupuacu-repairing-restorative-cica-serum-8557935.html;;0;;8557935;30%
20260227_163516Z;27/02/2026;Klorane;"Cupuaçu Reparing Very Dry Hair Shampoo

Champô Cupuaçu BIO Repara Cabelo Muito Seco

400 ml";https://wells.pt/cupuacu-reparing-very-dry-hair-shampoo-343983.html;;0;;7104602;30%
20260227_163516Z;27/02/2026;Klorane;"Deodorante 24h Eficácia

Desodorizante em Spray Alteia Branca

125 ml";https://wells.pt/deodorante-24h-eficacia-7724353.html;;0;;7724353;25%
20260227_163516Z;27/02/2026;Klorane;"Duo Prickly Pear 72h Hydration & Shine Shampoo

Kit Duo Champô Figo da Índia Hidratante Cabelo Baço

2x 400 ml";https://wells.pt/duo-prickly-pear-72h-hydration-and-shine-shampoo-8621111.html;;1;27/02/2026;8621111;Sem desconto
20260227_163516Z;27/02/2026;Klorane;"Eau de Parfumee e Oferta de Coelho

1 un";https://wells.pt/eau-de-parfumee-e-oferta-de-coelho-6661579.html;;0;;6661579;25%
20260227_163516Z;27/02/2026;Klorane;"Flax Volume Fine Hair Conditioner

Condicionador Linho BIO Volume Cabelo Fino

200 ml";https://wells.pt/flax-volume-fine-hair-conditioner-5924193.html;;0;;5924193;25%
20260227_163516Z;27/02/2026;Klorane;"Flax Volume Fine Hair Shampoo

Champô Fibras de Linho BIO Volume Cabelo Fino";https://wells.pt/flax-volume-fine-hair-shampoo-343984.html;200 ml;0;;5221797;25%
20260227_163516Z;27/02/2026;Klorane;"Flax Volume Fine Hair Shampoo

Champô Fibras de Linho BIO Volume Cabelo Fino";https://wells.pt/flax-volume-fine-hair-shampoo-343984.html;400 ml;0;;5418515;35%
20260227_163516Z;27/02/2026;Klorane;"Galanga Anti-Dandruff Anti-itching Treatment

Loção Anti Caspa Tratamento Anti-comichão

100 ml";https://wells.pt/galanga-anti-dandruff-anti-itching-treatment-8544717.html;;0;;8544717;30%
20260227_163516Z;27/02/2026;Klorane;"Galanga Anti-Dandruff Shampoo

Champô Anti Caspa Reequilibra e Trata";https://wells.pt/galanga-anti-dandruff-shampoo-427225.html;200 ml;0;;8544713;30%
20260227_163516Z;27/02/2026;Klorane;"Galanga Anti-Dandruff Shampoo

Champô Anti Caspa Reequilibra e Trata";https://wells.pt/galanga-anti-dandruff-shampoo-427225.html;400 ml;0;;8544713;30%
20260227_163516Z;27/02/2026;Klorane;"Galanga Treating Powder-Mask Dandruff

Máscara Galanga Pó elimina Caspa Persistente

8x3 gr";https://wells.pt/galanga-treating-powder-mask-dandruff-7610893.html;;0;;7610893;30%
20260227_163516Z;27/02/2026;Klorane;"Gel-Crème Solaire Sublime SPF 30

Protetor Solar de Corpo Nutritivo

200 ml";https://wells.pt/gel-creme-solaire-sublime-spf-30-7129220.html;;0;;7129220;25%
20260227_163516Z;27/02/2026;Klorane;"Gel Lavante Suave Bebé

500 ml";https://wells.pt/gel-lavante-suave-bebe-6661468.html;;0;;6661468;25%
20260227_163516Z;27/02/2026;Klorane;"Grenade Éclat Couleur Shampooing

Champô Iluminador e Potenciador de Cor";https://wells.pt/grenade-eclat-couleur-shampooing-3688252.html;;0;;3688252;25%
20260227_163516Z;27/02/2026;Klorane;"Hair Removal Cream Sweet Almond

Creme Depilatório pele Sensível Amêndoas Doce

150 ml";https://wells.pt/hair-removal-cream-sweet-almond-7724355.html;;0;;7724355;25%
20260227_163516Z;27/02/2026;Klorane;"Huile Réparatrice Après-Soleil

Óleo Protetor de Cabelo Nutritivo

150 ml";https://wells.pt/huile-reparatrice-apres-soleil-7546027.html;;0;;7546027;25%
20260227_163516Z;27/02/2026;Klorane;"Huile Sèche Solaire SPF 30

Protetor Solar de Corpo e Cabelo

200 ml";https://wells.pt/huile-seche-solaire-spf-30-7129222.html;;0;;7129222;25%
20260227_163516Z;27/02/2026;Klorane;"Junior 2-in-1 Shower Gel Pear

Gel Duche Pêra Corpo e Cabelo 3 anos

200 ml";https://wells.pt/junior-2-in-1-shower-gel-pear-3037963.html;;0;;3037963;25%
20260227_163516Z;27/02/2026;Klorane;"Junior Detangling Shampoo

Champô de Pêssego a partir de 3 anos

500 ml";https://wells.pt/junior-detangling-shampoo-3066288.html;;0;;3066288;25%
20260227_163516Z;27/02/2026;Klorane;"Keratincaps Força e Vitalidade Cabelo e Unhas

Via Oral Cápsula Keratina Queda de Cabelo

30 cápsulas";https://wells.pt/keratincaps-forca-e-vitalidade-cabelo-e-unhas-6283642.html;;1;27/02/2026;6283642;25%
20260227_163516Z;27/02/2026;Klorane;"Leite Hidratante Bebé

500 ml";https://wells.pt/leite-hidratante-bebe-6661555.html;;0;;6661555;25%
20260227_163516Z;27/02/2026;Klorane;"Mango Nourishing Conditioner

Condicionador Manga Nutritivo Cabelo Seco";https://wells.pt/mango-nourishing-conditioner-343975.html;50 ml;0;;6128332;25%
20260227_163516Z;27/02/2026;Klorane;"Mango Nourishing Conditioner

Condicionador Manga Nutritivo Cabelo Seco";https://wells.pt/mango-nourishing-conditioner-343975.html;200 ml;0;;5924180;30%
20260227_163516Z;27/02/2026;Klorane;"Mango Nourishing Leave-In Cream

Creme Dia Manga Nutritivo SOS Cabelo Seco

125ml";https://wells.pt/mango-nourishing-leave-in-cream-5072223.html;;1;27/02/2026;5072223;25%
20260227_163516Z;27/02/2026;Klorane;"Mango Nourishing Mask

Máscara Manga Nutritiva Hidrata Cabelo Seco

150 ml";https://wells.pt/mango-nourishing-mask-3066267.html;;0;;3066267;25%
20260227_163516Z;27/02/2026;Klorane;"Mango Nourishing Shampoo

Champô Manga Nutritivo para Cabelo Seco";https://wells.pt/mango-nourishing-shampoo-344278.html;200 ml;0;;3018059;25%
20260227_163516Z;27/02/2026;Klorane;"Mango Nourishing Shampoo

Champô Manga Nutritivo para Cabelo Seco";https://wells.pt/mango-nourishing-shampoo-344278.html;400 ml;1;27/02/2026;3066184;30%
20260227_163516Z;27/02/2026;Klorane;"Mango Nourishing Shampoo

Champô Manga Nutritivo para Cabelo Seco";https://wells.pt/mango-nourishing-shampoo-344278.html;100 ml;1;27/02/2026;6128309;25%
20260227_163516Z;27/02/2026;Klorane;"Mango Nutrition Oil

Óleo de Manga Nutritivo Cabelo Seco

125 ml";https://wells.pt/mango-nutrition-oil-7369351.html;;0;;7369351;25%
20260227_163516Z;27/02/2026;Klorane;"Mango Shampoo Bar

Champô Sólido Manga Nutritivo Cabelo Seco

80 gr";https://wells.pt/mango-shampoo-bar-7447293.html;;1;27/02/2026;7447293;25%
20260227_163516Z;27/02/2026;Klorane;"Nettle & Clay 2-in-1 Mask Shampoo

Máscara Champô Pó Ortiga BIO Cabelo Oleoso

150 ml";https://wells.pt/nettle-and-clay-2-in-1-mask-shampoo-7339155.html;;0;;7339155;30%
20260227_163516Z;27/02/2026;Klorane;"Nettle & Vitamin E Oil Control Dry Shampoo

Champô Seco Ortiga BIO Cabelo Oleoso";https://wells.pt/nettle-and-vitamin-e-oil-control-dry-shampoo-366180.html;50 ml;1;27/02/2026;8123735;25%
20260227_163516Z;27/02/2026;Klorane;"Nettle & Vitamin E Oil Control Dry Shampoo

Champô Seco Ortiga BIO Cabelo Oleoso";https://wells.pt/nettle-and-vitamin-e-oil-control-dry-shampoo-366180.html;150 ml;0;;8123759;25%
20260227_163516Z;27/02/2026;Klorane;"Nettle & Vitamin E Oil Control Dry Shampoo

Champô Seco Ortiga BIO Cabelo Oleoso Castanho

150 ml";https://wells.pt/nettle-and-vitamin-e-oil-control-dry-shampoo-8123760.html;;0;;8123760;25%
20260227_163516Z;27/02/2026;Klorane;"Nettle Oil Control Shampoo

Champô Ortiga BIO Purifica Cabelo Oleoso";https://wells.pt/nettle-oil-control-shampoo-343980.html;200 ml;1;27/02/2026;3000693;35%
20260227_163516Z;27/02/2026;Klorane;"Nettle Oil Control Shampoo

Champô Ortiga BIO Purifica Cabelo Oleoso";https://wells.pt/nettle-oil-control-shampoo-343980.html;400 ml;0;;3688262;35%
20260227_163516Z;27/02/2026;Klorane;"Oat & Ceramide Ultra-Gentle Dry Shampoo

Champô Seco Aveia Spray Suave Cabelo Normal";https://wells.pt/oat-and-ceramide-ultra-gentle-dry-shampoo-341981.html;50 ml;0;;7831152;25%
20260227_163516Z;27/02/2026;Klorane;"Oat & Ceramide Ultra-Gentle Dry Shampoo

Champô Seco Aveia Spray Suave Cabelo Normal";https://wells.pt/oat-and-ceramide-ultra-gentle-dry-shampoo-341981.html;150 ml;0;;7831153;25%
20260227_163516Z;27/02/2026;Klorane;"Oat Shampoo Bar All HairTypes

Champô Aveia Sólido 2-em1 Cabelo Normal

80 gr";https://wells.pt/oat-shampoo-bar-all-hairtypes-7447292.html;;1;27/02/2026;7447292;25%
20260227_163516Z;27/02/2026;Klorane;"Oat Ultra-Gentle All HairTypes Conditioner

Condicionador Aveia Suave e Protetor

200 ml";https://wells.pt/oat-ultra-gentle-all-hairtypes-conditioner-5924188.html;;0;;5924188;35%
20260227_163516Z;27/02/2026;Klorane;"Oat&Ceramide Ultra-Gentle Dry Shampoo Dark

Champô Seco Aveia Ultra-Suave Cabelo Castanho";https://wells.pt/oatandceramide-ultra-gentle-dry-shampoo-dark-341982.html;50 ml;0;;7831154;25%
20260227_163516Z;27/02/2026;Klorane;"Oat&Ceramide Ultra-Gentle Dry Shampoo Dark

Champô Seco Aveia Ultra-Suave Cabelo Castanho";https://wells.pt/oatandceramide-ultra-gentle-dry-shampoo-dark-341982.html;150 ml;0;;7831155;25%
20260227_163516Z;27/02/2026;Klorane;"Peony 48h Soothing Anti-Irritation Shampoo

Champô Peónia BIO Calmante";https://wells.pt/peony-48h-soothing-anti-irritation-shampoo-343979.html;200 ml;0;;3688250;35%
20260227_163516Z;27/02/2026;Klorane;"Peony 48h Soothing Anti-Irritation Shampoo

Champô Peónia BIO Calmante";https://wells.pt/peony-48h-soothing-anti-irritation-shampoo-343979.html;400 ml;0;;4479836;35%
20260227_163516Z;27/02/2026;Klorane;"Pivoine Apaisant & Anti-Irritant Aprés-Shampooing

Gel Calmante Pós-champô Perfumado

150 ml";https://wells.pt/pivoine-apaisant-and-anti-irritant-apres-shampooing-6308308.html;;0;;6308308;25%
20260227_163516Z;27/02/2026;Klorane;"Pomegranate Color Radiance Conditioner

Condicionador Romã Protege Cabelo Pintado

200 ml";https://wells.pt/pomegranate-color-radiance-conditioner-5876596.html;;0;;5876596;25%
20260227_163516Z;27/02/2026;Klorane;"Pomegranate Color Radiance Shampoo

Champô Romã Protege a Cor Cabelo Pintado

400 ml";https://wells.pt/pomegranate-color-radiance-shampoo-3066179.html;;0;;3066179;30%
20260227_163516Z;27/02/2026;Klorane;"Prickly Pear 24h Hydration & Shine Sérum

Sérum Figo da índia Hidrata Ácido Hialurónico

100 ml";https://wells.pt/prickly-pear-24h-hydration-and-shine-serum-8067444.html;;0;;8067444;25%
20260227_163516Z;27/02/2026;Klorane;"Prickly Pear 72h Hydration & Shine Shampoo

Champô Figo da Índia Hidratante Cabelo Baço";https://wells.pt/prickly-pear-72h-hydration-and-shine-shampoo-355576.html;200 ml;0;;8067425;25%
20260227_163516Z;27/02/2026;Klorane;"Prickly Pear 72h Hydration & Shine Shampoo

Champô Figo da Índia Hidratante Cabelo Baço";https://wells.pt/prickly-pear-72h-hydration-and-shine-shampoo-355576.html;400 ml;0;;8067439;30%
20260227_163516Z;27/02/2026;Klorane;"Prickly Pear 72h Hydration&Shine Conditioner

Condicionador Figo da índia Cabelo Baço

200 ml";https://wells.pt/prickly-pear-72h-hydrationandshine-conditioner-8067442.html;;0;;8067442;25%
20260227_163516Z;27/02/2026;Klorane;"Prickly Pear 72h Hydration&Shine Plump Mask

Máscara Figo da índia Hidrata 72h Cabelo Baço

250 ml";https://wells.pt/prickly-pear-72h-hydrationandshine-plump-mask-8067433.html;;0;;8067433;25%
20260227_163516Z;27/02/2026;Klorane;"Protective Powder Bio

Pó Talco Protetor para Bebé

75 gr";https://wells.pt/protective-powder-bio-8486142.html;;0;;8486142;Sem desconto
20260227_163516Z;27/02/2026;Klorane;"Protetor Solar de Rosto Sublimador SPF30

50 ml";https://wells.pt/protetor-solar-de-rosto-sublimador-spf30-7129218.html;;0;;7129218;25%
20260227_163516Z;27/02/2026;Klorane;"Protetor Solar de Rosto Sublimador SPF50

50 ml";https://wells.pt/protetor-solar-de-rosto-sublimador-spf50-7129219.html;;0;;7129219;25%
20260227_163516Z;27/02/2026;Klorane;"Quinine Anti-Hair Loss Intense Strengthening

Sérum Quinina Queda de Cabelo e Força

100 ml";https://wells.pt/quinine-anti-hair-loss-intense-strengthening-8423056.html;;0;;8423056;30%
20260227_163516Z;27/02/2026;Klorane;"Quinine Strength Thinning Hair Conditioner

Condicionador Quinina BIO Queda de Cabelo

200 ml";https://wells.pt/quinine-strength-thinning-hair-conditioner-5924145.html;;0;;5924145;30%
20260227_163516Z;27/02/2026;Klorane;"Quinine Strengthening Thinning Hair Shampoo

Champô Fortificante e Revitalizante Antiqueda";https://wells.pt/quinine-strengthening-thinning-hair-shampoo-343977.html;400 ml;0;;3000714;30%
20260227_163516Z;27/02/2026;Klorane;"Quinine Strengthening Thinning Hair Shampoo

Champô Fortificante e Revitalizante Antiqueda";https://wells.pt/quinine-strengthening-thinning-hair-shampoo-343977.html;200 ml;0;;3000716;30%
20260227_163516Z;27/02/2026;Klorane;"Quinine Strengthening Thinning Hair Shampoo

Champô Fortificante e Revitalizante Antiqueda";https://wells.pt/quinine-strengthening-thinning-hair-shampoo-343977.html;100 ml;0;;4468119;35%
20260227_163516Z;27/02/2026;Klorane;"Sweet Almond Cold Wax Small Strips

Bandas Depilatórias Amêndoa Cera Fria Rosto

6 un";https://wells.pt/sweet-almond-cold-wax-small-strips-3689514.html;;0;;3689514;25%
20260227_163516Z;27/02/2026;Klorane;"Sweet Almond Cold Wax Strips

Bandas Depilatórias Amêndoa Cera Fria Corpo

6 un";https://wells.pt/sweet-almond-cold-wax-strips-3689507.html;;0;;3689507;25%
20260227_163516Z;27/02/2026;Klorane;"Sweet Almond Soothing Hair Removal Cream

Creme Depilatório Amêndoa

75 ml";https://wells.pt/sweet-almond-soothing-hair-removal-cream-7724354.html;;0;;7724354;25%
20260227_163516Z;27/02/2026;Klorane;"Tamanu & Monoi Nutri-Repair Sun Conditioner

Condicionador Protetor Solar para Cabelo

200 ml";https://wells.pt/tamanu-and-monoi-nutri-repair-sun-conditioner-7396247.html;;0;;7396247;37%
20260227_163516Z;27/02/2026;Klorane;"Tamanu & Monoi Nutri-Repair Sun Shampoo

Champô Protetor Solar Cabelo Exposto ao Sol

200 ml";https://wells.pt/tamanu-and-monoi-nutri-repair-sun-shampoo-7396246.html;;0;;7396246;37%
20260227_163516Z;27/02/2026;Klorane;"Tamanu & Monoi Protect Sun-Exposed Hair Oil

Óleo Protetor Solar Cabelo Exposto ao Sol

100 ml";https://wells.pt/tamanu-and-monoi-protect-sun-exposed-hair-oil-7579134.html;;0;;7579134;25%
20260227_163516Z;27/02/2026;Klorane;"Tamanu BIO e Monoi Spray Solar Sublime SPF30

Protetor Solar Spray Corpo Sublimador

200 ml";https://wells.pt/tamanu-bio-e-monoi-spray-solar-sublime-spf30-7129223.html;;0;;7129223;25%
20260227_163516Z;27/02/2026;Klorane;"Tamanu BIO e Monoi Spray Solar Sublime SPF50

Protetor Solar Spray Corpo Sublimador

200 ml";https://wells.pt/tamanu-bio-e-monoi-spray-solar-sublime-spf50-7129224.html;;0;;7129224;25%
20260227_163516Z;27/02/2026;Klorane;"Toalhitas de Limpeza Suaves

70 un";https://wells.pt/toalhitas-de-limpeza-suaves-6661513.html;;1;27/02/2026;6661513;25%
20260227_163516Z;27/02/2026;René Furterer;"5 Sens Enhancing Detangling Conditioner

Bálsamo Cabelo Sublimador Desembaraçador

200 ml";https://wells.pt/5-sens-enhancing-detangling-conditioner-6218355.html;;0;;6218355;20%
20260227_163516Z;27/02/2026;René Furterer;"5 Sens Enhancing Dry Oil Hair & Body

Óleo Seco Sublimador para Cabelo e Corpo

100 ml";https://wells.pt/5-sens-enhancing-dry-oil-hair-and-body-5558999.html;;0;;5558999;30%
20260227_163516Z;27/02/2026;René Furterer;"5 Sens Enhancing Shampoo Frequent Use

Champô Sublimador Realça o Brilho

250 ml";https://wells.pt/5-sens-enhancing-shampoo-frequent-use-6218353.html;;0;;6218353;20%
20260227_163516Z;27/02/2026;René Furterer;"5 Sens Enhancing Shower Oil

Óleo de Duche Sublimador 5 Sens

200 ml";https://wells.pt/5-sens-enhancing-shower-oil-7294935.html;;0;;7294935;20%
20260227_163516Z;27/02/2026;René Furterer;"Absolue Kératine Renewal Care Serum

Sérum Reparador Extremo Pontas Danificadas

30 ml";https://wells.pt/absolue-keratine-renewal-care-serum-7447296.html;;1;27/02/2026;7447296;30%
20260227_163516Z;27/02/2026;René Furterer;"Absolue Kératine Repairing Beauty Cream

Creme Leave-In Reparador Cabelo Danificado

100 ml";https://wells.pt/absolue-keratine-repairing-beauty-cream-6997974.html;;0;;6997974;20%
20260227_163516Z;27/02/2026;René Furterer;"Absolue Kératine Repairing Mask

Máscara Reparadora Cabelo Grosso Danificado

200ml";https://wells.pt/absolue-keratine-repairing-mask-6997986.html;;0;;6997986;30%
20260227_163516Z;27/02/2026;René Furterer;"Absolue Kératine Repairing Mask

Máscara Reparadora Cabelo Fino Danificado

200 ml";https://wells.pt/absolue-keratine-repairing-mask-6997987.html;;0;;6997987;20%
20260227_163516Z;27/02/2026;René Furterer;"Absolue Kératine Repairing Shampoo

Champô Reparador Cabelo Danificado Frágil

200 ml";https://wells.pt/absolue-keratine-repairing-shampoo-6997972.html;;0;;6997972;20%
20260227_163516Z;27/02/2026;René Furterer;"Astera Fresh Sérum Apaisant

Sérum Leave-In Calmante Couro Cabeludo Irritado

75 ml";https://wells.pt/astera-fresh-serum-apaisant-5520226.html;;0;;5520226;20%
20260227_163516Z;27/02/2026;René Furterer;"Astera Fresh Soothing Freshness Shampoo

Champô Calmante Couro Cabeludo Irritado

200 ml";https://wells.pt/astera-fresh-soothing-freshness-shampoo-5520033.html;;0;;5520033;25%
20260227_163516Z;27/02/2026;René Furterer;"Astera Sensitive Shampooing

Champô Alta Tolerância Couro Cabeludo Sensível

200 ml";https://wells.pt/astera-sensitive-shampooing-5520036.html;;0;;5520036;20%
20260227_163516Z;27/02/2026;René Furterer;"Champô Estimulante Triphasic

200 ml";https://wells.pt/champo-estimulante-triphasic-6458824.html;;0;;6458824;Sem desconto
20260227_163516Z;27/02/2026;René Furterer;"Color Glow Protecting Color Shampoo

Champô Protetor Cor Cabelo Pintado e Madeixas

200 ml";https://wells.pt/color-glow-protecting-color-shampoo-7924431.html;;0;;7924431;29%
20260227_163516Z;27/02/2026;René Furterer;"Color Glow Repairing Glow Conditioner

Máscara Reparadora Cabelo Pintado e Madeixas

200 ml";https://wells.pt/color-glow-repairing-glow-conditioner-7924433.html;;0;;7924433;30%
20260227_163516Z;27/02/2026;René Furterer;"Color Glow Thermal Protecting Glow Cream

Creme Termo-Protetor Cabelo Pintado Madeixas

100 ml";https://wells.pt/color-glow-thermal-protecting-glow-cream-7924437.html;;0;;7924437;29%
20260227_163516Z;27/02/2026;René Furterer;"Curbicia Scalp Prone to Oiliness Shampoo

Champô Equilibrante Couro Cabeludo Oleoso

150 ml";https://wells.pt/curbicia-scalp-prone-to-oiliness-shampoo-5520011.html;;0;;5520011;20%
20260227_163516Z;27/02/2026;René Furterer;"Forticea Energizing Lotion

Loção Leave-In Fortificante Todos Tipo Cabelo

100 ml";https://wells.pt/forticea-energizing-lotion-6490926.html;;0;;6490926;28%
20260227_163516Z;27/02/2026;René Furterer;"Forticea Strengthening Revitalizing Shampoo

Champô Fortificante Todos Tipos de Cabelo";https://wells.pt/forticea-strengthening-revitalizing-shampoo-343991.html;250ml;0;;6759973;30%
20260227_163516Z;27/02/2026;René Furterer;"Forticea Strengthening Revitalizing Shampoo

Champô Fortificante Todos Tipos de Cabelo";https://wells.pt/forticea-strengthening-revitalizing-shampoo-343991.html;50 ml;0;;7630905;20%
20260227_163516Z;27/02/2026;René Furterer;"Forticea Strengthening Revitalizing Shampoo

Champô Fortificante Todos Tipos de Cabelo

500 ml";https://wells.pt/forticea-strengthening-revitalizing-shampoo-8602496.html;;0;;8602496;20%
20260227_163516Z;27/02/2026;René Furterer;"Head Spa Astera Soothing Freshness & Purity

Pré-Champô Couro Cabeludo Irritado

50 ml";https://wells.pt/head-spa-astera-soothing-freshness-and-purity-5520225.html;;0;;5520225;30%
20260227_163516Z;27/02/2026;René Furterer;"Head Spa Complexe 5 Essential Oils

Pré-Champô Estimulante Revitalizante

50 ml";https://wells.pt/head-spa-complexe-5-essential-oils-5558743.html;;0;;5558743;20%
20260227_163516Z;27/02/2026;René Furterer;"Head Spa Purifying Scrub Detox

Esfoliante Pré-Champô Couro Cabeludo Oleoso

150 ml";https://wells.pt/head-spa-purifying-scrub-detox-7824621.html;;0;;7824621;33%
20260227_163516Z;27/02/2026;René Furterer;"Laca Sytle

100 ml";https://wells.pt/laca-sytle-7447298.html;;0;;7447298;29%
20260227_163516Z;27/02/2026;René Furterer;"Máscara Protetora de Cor Okara Color

200 ml";https://wells.pt/mascara-protetora-de-cor-okara-color-6760090.html;;0;;6760090;30%
20260227_163516Z;27/02/2026;René Furterer;"Naturia Detangling Milky Conditioner

Condicionador Suave Uso Frequente e Familiar

150 ml";https://wells.pt/naturia-detangling-milky-conditioner-7649340.html;;0;;7649340;30%
20260227_163516Z;27/02/2026;René Furterer;"Naturia Express Detangling Spray

Spray de Cabelo Desembaraçador Uso Frequente

200 ml";https://wells.pt/naturia-express-detangling-spray-7649342.html;;0;;7649342;20%
20260227_163516Z;27/02/2026;René Furterer;"Naturia Gentle Micellair Shampoo

Champô Suave Uso Frequente e Familiar";https://wells.pt/naturia-gentle-micellair-shampoo-343992.html;50 ml;0;;5522799;20%
20260227_163516Z;27/02/2026;René Furterer;"Naturia Gentle Micellair Shampoo

Champô Suave Uso Frequente e Familiar";https://wells.pt/naturia-gentle-micellair-shampoo-343992.html;200 ml;0;;6633968;20%
20260227_163516Z;27/02/2026;René Furterer;"Naturia Gentle Micellair Shampoo

Champô Suave Uso Frequente e Familiar";https://wells.pt/naturia-gentle-micellair-shampoo-343992.html;400 ml;0;;7610972;30%
20260227_163516Z;27/02/2026;René Furterer;"Naturia Gentle Micellair Shampoo

Champô Suave Uso Frequente e Familiar

400 ml";https://wells.pt/naturia-gentle-micellair-shampoo-7649339.html;;0;;7649339;20%
20260227_163516Z;27/02/2026;René Furterer;"Naturia Gentle Micellair Shampoo

Champô Suave Uso Frequente e Familiar

200 ml";https://wells.pt/naturia-gentle-micellair-shampoo-7716354.html;;0;;7716354;20%
20260227_163516Z;27/02/2026;René Furterer;"Naturia Invisible Dry Shampoo

Champô Seco Invisível Lavanda Orgânica

75 ml";https://wells.pt/naturia-invisible-dry-shampoo-7716350.html;;0;;7716350;20%
20260227_163516Z;27/02/2026;René Furterer;"Okara Blond Brightening Conditioner Blond Hair

Condicionador Brilho Louro Natural ou Pintado

150 ml";https://wells.pt/okara-blond-brightening-conditioner-blond-hair-6760082.html;;0;;6760082;20%
20260227_163516Z;27/02/2026;René Furterer;"Okara Blond Brightening Shampoo Blond Hair

Champô Iluminador Louro Natural ou Pintado

200 ml";https://wells.pt/okara-blond-brightening-shampoo-blond-hair-6760061.html;;0;;6760061;20%
20260227_163516Z;27/02/2026;René Furterer;"Okara Blond Brightening Spray Blond Hair

Spray Cabelo Iluminador Louro Natural ou Pintado

150 ml";https://wells.pt/okara-blond-brightening-spray-blond-hair-6761000.html;;0;;6761000;30%
20260227_163516Z;27/02/2026;René Furterer;"Okara Silver Toning Conditioner

Condicionador Cabelo Branco Grisalho ou Louro

150 ml";https://wells.pt/okara-silver-toning-conditioner-6760084.html;;0;;6760084;30%
20260227_163516Z;27/02/2026;René Furterer;"Okara Silver Toning Shampoo

Champô Violeta Cabelo Branco Grisalho ou Louro

200 ml";https://wells.pt/okara-silver-toning-shampoo-6759950.html;;0;;6759950;20%
20260227_163516Z;27/02/2026;René Furterer;"Solaire Nourishing Repair Shampoo

Champô Reparação Nutritiva Pós-Sol e Cloro

200 ml";https://wells.pt/solaire-nourishing-repair-shampoo-5520120.html;;0;;5520120;20%
20260227_163516Z;27/02/2026;René Furterer;"Solaire Sun Repair Ritual Nourishing Shower Gel

Gel Banho Cabelo e Corpo Pós-Sol Cloro

200 ml";https://wells.pt/solaire-sun-repair-ritual-nourishing-shower-gel-5520162.html;;0;;5520162;30%
20260227_163516Z;27/02/2026;René Furterer;"Solaire Sun Ritual Protective Fluid KPF50+

Protetor Solar Fluído para o Cabelo

100 ml";https://wells.pt/solaire-sun-ritual-protective-fluid-kpf50-5520296.html;;0;;5520296;39%
20260227_163516Z;27/02/2026;René Furterer;"Solaire Sun Ritual Protective Oil KPF50+

Protetor Solar Óleo para o Cabelo

100 ml";https://wells.pt/solaire-sun-ritual-protective-oil-kpf50-5520294.html;;0;;5520294;37%
20260227_163516Z;27/02/2026;René Furterer;"Style Finishing Spray Hold & Shine

Laca Fixação Forte Efeito Anti-humidade

300 ml";https://wells.pt/style-finishing-spray-hold-and-shine-7447297.html;;0;;7447297;20%
20260227_163516Z;27/02/2026;René Furterer;"Style Holding Gel Sculpt & Hold

Gel Cabelo Fixação Sem Resíduos Efeito Wet Look

150 ml";https://wells.pt/style-holding-gel-sculpt-and-hold-7447300.html;;0;;7447300;20%
20260227_163516Z;27/02/2026;René Furterer;"Style Holding Spray Precise & Strong

Spray Cabelo Fixação Ultra-Forte Longa Duração

150 ml";https://wells.pt/style-holding-spray-precise-and-strong-7447299.html;;0;;7447299;30%
20260227_163516Z;27/02/2026;René Furterer;"Style Modeling Paste

Pasta para Cabelo Modeladora Fixação Natural

75 ml";https://wells.pt/style-modeling-paste-7447301.html;;0;;7447301;20%
20260227_163516Z;27/02/2026;René Furterer;"Style Sculpting Mousse Volume & Sculpt

Espuma Cabelo Modeladora Volumizadora da Raiz

200 ml";https://wells.pt/style-sculpting-mousse-volume-and-sculpt-7447302.html;;0;;7447302;20%
20260227_163516Z;27/02/2026;René Furterer;"Style Texture Spray Volume & Hold

Spray Cabelo Texturizante Volumizador da Raiz

200 ml";https://wells.pt/style-texture-spray-volume-and-hold-7447303.html;;0;;7447303;20%
20260227_163516Z;27/02/2026;René Furterer;"Style Thermal Protecting Spray

Spray de Cabelo Termo-Protetor Calor

150 ml";https://wells.pt/style-thermal-protecting-spray-7447304.html;;0;;7447304;30%
20260227_163516Z;27/02/2026;René Furterer;"Sublime Curl Activating Detangling Conditioner

Condicionador Suave e Redefinidor de Caracóis

150 ml";https://wells.pt/sublime-curl-activating-detangling-conditioner-5972162.html;;0;;5972162;20%
20260227_163516Z;27/02/2026;René Furterer;"Sublime Curl Activating Spray Wavy Curly Hair

Spray Cabelo Leave-In Redefinidor de Caracóis

150 ml";https://wells.pt/sublime-curl-activating-spray-wavy-curly-hair-6490914.html;;0;;6490914;20%
20260227_163516Z;27/02/2026;René Furterer;"Sublime Curl nutri-Activating Cream

Creme Cabelo Leave-In Redefinidor de Caracóis

100 ml";https://wells.pt/sublime-curl-nutri-activating-cream-5972165.html;;0;;5972165;28%
20260227_163516Z;27/02/2026;René Furterer;"Sublime Karité Moisturizing Smooting Mask

Máscara Hidratante Cabelo Desidratado

200 ml";https://wells.pt/sublime-karite-moisturizing-smooting-mask-8109685.html;;0;;8109685;25%
20260227_163516Z;27/02/2026;René Furterer;"Sublime Karité Moisturizing Smooting Shampoo

Champô Hidratante Cabelo Seco e Muito Seco

200 ml";https://wells.pt/sublime-karite-moisturizing-smooting-shampoo-8109682.html;;0;;8109682;25%
20260227_163516Z;27/02/2026;René Furterer;"Sublime Karité Professional Smooting Milk

Leite Capilar Hidratante Anti-frizz Disciplina

100 ml";https://wells.pt/sublime-karite-professional-smooting-milk-8109683.html;;0;;8109683;30%
20260227_163516Z;27/02/2026;René Furterer;"Sublime Karité Professional Taming Cream

Creme Nutritivo Anti-frizz Cabelo Muito Seco

100 ml";https://wells.pt/sublime-karite-professional-taming-cream-8109706.html;;0;;8109706;30%
20260227_163516Z;27/02/2026;René Furterer;"Sublime Karité Taming Nourishing Mask

Máscara Nutritiva Cabelo Muito Seco

200 ml";https://wells.pt/sublime-karite-taming-nourishing-mask-8109707.html;;0;;8109707;30%
20260227_163516Z;27/02/2026;René Furterer;"Tonucia Natural Filler Shampooing

Champô Repulpante Cabelo Fino e Enfraquecido

250 ml";https://wells.pt/tonucia-natural-filler-shampooing-7716314.html;;0;;7716314;29%
20260227_163516Z;27/02/2026;René Furterer;"Tonucia Natural Filler Youth Serum

Sérum Leave-In Densificador Cabelo Enfraquecido

75ml";https://wells.pt/tonucia-natural-filler-youth-serum-7340492.html;;0;;7340492;20%
20260227_163516Z;27/02/2026;René Furterer;"Triphasic Active Grow Anti-breakage Mask

Máscara Anti quebra Cabelo Comprido Forte

200 ml";https://wells.pt/triphasic-active-grow-anti-breakage-mask-8557867.html;;0;;8557867;20%
20260227_163516Z;27/02/2026;René Furterer;"Triphasic Active Grow Longer Hair Serum

Sérum Crescimento do Cabelo

100 ml";https://wells.pt/triphasic-active-grow-longer-hair-serum-8557865.html;;0;;8557865;20%
20260227_163516Z;27/02/2026;René Furterer;"Triphasic Active Grow Shampoo

Champô Crescimento do Cabelo";https://wells.pt/triphasic-active-grow-shampoo-427541.html;200 ml;0;;8557861;25%
20260227_163516Z;27/02/2026;René Furterer;"Triphasic Active Grow Shampoo

Champô Crescimento do Cabelo";https://wells.pt/triphasic-active-grow-shampoo-427541.html;500 ml;0;;8557868;20%
20260227_163516Z;27/02/2026;René Furterer;"Triphasic Active Grow Shampoo

Champô Crescimento do Cabelo

500 ml";https://wells.pt/triphasic-active-grow-shampoo-8557868.html;200 ml;0;;8557861;25%
20260227_163516Z;27/02/2026;René Furterer;"Triphasic Active Grow Shampoo

Champô Crescimento do Cabelo

500 ml";https://wells.pt/triphasic-active-grow-shampoo-8557868.html;500 ml;0;;8557868;20%
20260227_163516Z;27/02/2026;René Furterer;"Triphasic Anti-Hair Loss Shampoo

Champô Queda de Cabelo com Óleos Essenciais

250ml";https://wells.pt/triphasic-anti-hair-loss-shampoo-6650555.html;;0;;6650555;35%
20260227_163516Z;27/02/2026;René Furterer;"Triphasic Anti-Hair Loss Shampoo

Champô Queda de Cabelo com Óleos Essenciais

50 ml";https://wells.pt/triphasic-anti-hair-loss-shampoo-7630904.html;;0;;7630904;28%
20260227_163516Z;27/02/2026;René Furterer;"Triphasic Caps Antiqueda Crescimento & Força

Cápsulas Queda de Cabelo

90 cápsulas";https://wells.pt/triphasic-caps-antiqueda-crescimento-and-forca-8554922.html;;0;;8554922;Sem desconto
20260227_163516Z;27/02/2026;René Furterer;"Triphasic Caps Lunghezze

Cápsulas Crescimento e Força do Cabelo

90 cápsulas";https://wells.pt/triphasic-caps-lunghezze-8612382.html;;0;;8612382;Sem desconto
20260227_163516Z;27/02/2026;René Furterer;"Triphasic Progressive Cuidado Antiqueda

Ampolas para Queda de Cabelo Progressiva

8 ampolas";https://wells.pt/triphasic-progressive-cuidado-antiqueda-5520307.html;;0;;5520307;41%
20260227_163516Z;27/02/2026;René Furterer;"Triphasic Reactional Cuidado 2 em 1 Antiqueda

Ampolas para Queda de Cabelo Reativa

12 un";https://wells.pt/triphasic-reactional-cuidado-2-em-1-antiqueda-6856572.html;;0;;6856572;25%
20260227_163516Z;27/02/2026;René Furterer;"Triphasic Texturizing Detangling Conditioner

Condicionador Queda de Cabelo Texturarizante

150 ml";https://wells.pt/triphasic-texturizing-detangling-conditioner-6856570.html;;0;;6856570;23%
20260227_163516Z;27/02/2026;René Furterer;"Triphasic Thickening Shampoo

Champô Queda de Cabelo e Cabelo Fino

500 ml";https://wells.pt/triphasic-thickening-shampoo-8602495.html;;0;;8602495;20%
20260227_163516Z;27/02/2026;René Furterer;"Volumea Volumizing Conditioner

Bálsamo Volumizador Cabelo Fino sem Volume

150 ml";https://wells.pt/volumea-volumizing-conditioner-5520279.html;;0;;5520279;20%
20260227_163516Z;27/02/2026;René Furterer;"Volumea Volumizing Foam

Espuma Volumizadora Cabelo Fino sem Volume

200 ml";https://wells.pt/volumea-volumizing-foam-5520281.html;;0;;5520281;20%
20260227_163516Z;27/02/2026;René Furterer;"Volumea Volumizing Shampoo

Champô Volumizador Cabelo Fino sem Volume

200 ml";https://wells.pt/volumea-volumizing-shampoo-5520117.html;;0;;5520117;28%
20260227_163516Z;27/02/2026;A-Derma;"Biology AC Compensating Cream Ultra-Soothing

Creme Ultracalmante Tratamento de Acne

40 ml";https://wells.pt/biology-ac-compensating-cream-ultra-soothing-7756129.html;;0;;7756129;25%
20260227_163516Z;27/02/2026;A-Derma;"Biology AC Global Mattifying Anti-Blemish

Creme Rosto Matificante Anti Acne

40 ml";https://wells.pt/biology-ac-global-mattifying-anti-blemish-7756128.html;;0;;7756128;25%
20260227_163516Z;27/02/2026;A-Derma;"Biology AC Perfect Anti-Blemish Fluid

Creme Fluído Marcas Acne Ácido Hialurónico

40 ml";https://wells.pt/biology-ac-perfect-anti-blemish-fluid-7756130.html;;0;;7756130;25%
20260227_163516Z;27/02/2026;A-Derma;"Biology AC Purifying Cleansing Foaming Gel

Gel Espuma de Limpeza Purificante para Acne

200 ml";https://wells.pt/biology-ac-purifying-cleansing-foaming-gel-7756106.html;;0;;7756106;25%
20260227_163516Z;27/02/2026;A-Derma;"Biology AC Purifying Cleansing Foaming Gel

Gel Espuma de Limpeza Purificante para Acne

400 ml";https://wells.pt/biology-ac-purifying-cleansing-foaming-gel-7756107.html;;0;;7756107;25%
20260227_163516Z;27/02/2026;A-Derma;"Biology AC Purifying Cleansing Micellar Water

Água Micelar de Limpeza Purificante para Acne

400 ml";https://wells.pt/biology-ac-purifying-cleansing-micellar-water-7756104.html;;0;;7756104;25%
20260227_163516Z;27/02/2026;A-Derma;"Biology Hyalu 3-in-1 Serum

Sérum Gel Fresco Hidratante e Fortificante

30 ml";https://wells.pt/biology-hyalu-3-in-1-serum-7724219.html;;0;;7724219;25%
20260227_163516Z;27/02/2026;A-Derma;"Biology Mousse Nettoyante Hydra-Protectrice

Espuma de Limpeza Hidraprotectora

150 ml";https://wells.pt/biology-mousse-nettoyante-hydra-protectrice-7724218.html;;0;;7724218;25%
20260227_163516Z;27/02/2026;A-Derma;"Cutalgan Refreshing Spray Ultra-Calming

Spray Refrescante Ultra Calmante Pele Irritada

100 ml";https://wells.pt/cutalgan-refreshing-spray-ultra-calming-7106558.html;;0;;7106558;25%
20260227_163516Z;27/02/2026;A-Derma;"Cutalgan Sting Overheating Roll-on

Roll-on Refresca Ultra Calmante Pele Irritada

10 ml";https://wells.pt/cutalgan-sting-overheating-roll-on-8124492.html;;0;;8124492;25%
20260227_163516Z;27/02/2026;A-Derma;"Cytelium Drying Lotion Soothing

Loção Secante Suavizante Pele Irritada

100 ml";https://wells.pt/cytelium-drying-lotion-soothing-3691921.html;;0;;3691921;25%
20260227_163516Z;27/02/2026;A-Derma;"Dermalibour+ Barrier Irritaded Aggressed Hand

Creme Barreira Protetor Isolante Pele Irritada

50 ml";https://wells.pt/dermalibour-barrier-irritaded-aggressed-hand-6554645.html;;0;;6554645;25%
20260227_163516Z;27/02/2026;A-Derma;"Dermalibour+ Barrier Irritaded Aggressed Skin

Creme Barreira Protetor Isolante Pele Irritada

100 ml";https://wells.pt/dermalibour-barrier-irritaded-aggressed-skin-6554646.html;;0;;6554646;25%
20260227_163516Z;27/02/2026;A-Derma;"Dermalibour+ Repairing CICA-Cream

Creme Reparador Purificante Pele Irritada

50 ml";https://wells.pt/dermalibour-repairing-cica-cream-7434584.html;;0;;7434584;25%
20260227_163516Z;27/02/2026;A-Derma;"Dermalibour+ Repairing CICA-Cream

Creme Reparador Purificante Pele Irritada

100 ml";https://wells.pt/dermalibour-repairing-cica-cream-7434602.html;;1;27/02/2026;7434602;25%
20260227_163516Z;27/02/2026;A-Derma;"Epitheliale Ultra Repair Cream Anti-marks HA+

Creme Rosto e Corpo Reparador Antimarcas";https://wells.pt/epitheliale-ultra-repair-cream-anti-marks-ha-412215.html;40 ml;0;;8478732;25%
20260227_163516Z;27/02/2026;A-Derma;"Epitheliale Ultra Repair Cream Anti-marks HA+

Creme Rosto e Corpo Reparador Antimarcas";https://wells.pt/epitheliale-ultra-repair-cream-anti-marks-ha-412215.html;100 ml;0;;8478733;25%
20260227_163516Z;27/02/2026;A-Derma;"Epitheliale Ultra Repair Cream SPF50+

Creme Protetor Solar Reparador";https://wells.pt/epitheliale-ultra-repair-cream-spf50-412214.html;100 ml;0;;8478725;25%
20260227_163516Z;27/02/2026;A-Derma;"Epitheliale Ultra Repair Cream SPF50+

Creme Protetor Solar Reparador";https://wells.pt/epitheliale-ultra-repair-cream-spf50-412214.html;40 ml;0;;8478836;25%
20260227_163516Z;27/02/2026;A-Derma;"Epitheliale Ultra Repair Massage Gel-Oil HA+

Gel-óleo Massagem Estrias Ácido Hialurónico

100 ml";https://wells.pt/epitheliale-ultra-repair-massage-gel-oil-ha-6854488.html;;1;27/02/2026;6854488;25%
20260227_163516Z;27/02/2026;A-Derma;"Epitheliale Ultra Repair patch-balm HA+

Bálsamo-patch Reparador Pele Danificada

50 gr";https://wells.pt/epitheliale-ultra-repair-patch-balm-ha-8093646.html;;0;;8093646;25%
20260227_163516Z;27/02/2026;A-Derma;"Epitheliale Ultra Repair Serum HA+

Sérum Rosto Multireparador Regenerador

30 ml";https://wells.pt/epitheliale-ultra-repair-serum-ha-8478839.html;;0;;8478839;25%
20260227_163516Z;27/02/2026;A-Derma;"Epitheliale Ultra Repair Serum VIT C+

Sérum Luminosidade e Rugas Vitamina C

30 ml";https://wells.pt/epitheliale-ultra-repair-serum-vit-c-8478841.html;;0;;8478841;25%
20260227_163516Z;27/02/2026;A-Derma;"Exomega Allergo Emollient Balm

Bálsamo Nutritivo Pele Atópica Alérgica

40 ml";https://wells.pt/exomega-allergo-emollient-balm-7631532.html;;0;;7631532;30%
20260227_163516Z;27/02/2026;A-Derma;"Exomega Allergo Emollient Balm

Bálsamo Nutritivo Pele Atópica Alérgica

200 ml";https://wells.pt/exomega-allergo-emollient-balm-7631533.html;;0;;7631533;30%
20260227_163516Z;27/02/2026;A-Derma;"Exomega Control 2in1 Emollient Cleansing Gel

Gel de Banho Calmante Comichão da Pele Atópica

200 ml";https://wells.pt/exomega-control-2in1-emollient-cleansing-gel-6587156.html;;0;;6587156;25%
20260227_163516Z;27/02/2026;A-Derma;"Exomega Control 2in1 Emollient Cleansing Gel

Gel de Banho Calmante Comichão da Pele Atópica

500 ml";https://wells.pt/exomega-control-2in1-emollient-cleansing-gel-6587157.html;;0;;6587157;40%
20260227_163516Z;27/02/2026;A-Derma;"Exomega Control Bain Apaisant Anti-grattage

Gel Banho Calmante Noite Apaziguante

200ml";https://wells.pt/exomega-control-bain-apaisant-anti-grattage-8241592.html;;0;;8241592;25%
20260227_163516Z;27/02/2026;A-Derma;"Exomega Control Emolient Shower Oil

Óleo Banho Calmante Comichão da Pele Atópica

500 ml";https://wells.pt/exomega-control-emolient-shower-oil-6587176.html;;0;;6587176;30%
20260227_163516Z;27/02/2026;A-Derma;"Exomega Control Emolient Shower Oil

Óleo Banho Calmante Comichão da Pele Atópica

200 ml";https://wells.pt/exomega-control-emolient-shower-oil-6587177.html;;0;;6587177;25%
20260227_163516Z;27/02/2026;A-Derma;"Exomega Control Emolient Shower Oil

Óleo Banho Calmante Comichão da Pele Atópica

500 ml";https://wells.pt/exomega-control-emolient-shower-oil-7632457.html;;0;;7632457;35%
20260227_163516Z;27/02/2026;A-Derma;"Exomega Control Emolient Shower Oil

Óleo Banho Calmante Comichão da Pele Atópica

1000 ml";https://wells.pt/exomega-control-emolient-shower-oil-8605683.html;;1;27/02/2026;8605683;25%
20260227_163516Z;27/02/2026;A-Derma;"Exomega Control Emollient Balm

Bálsamo Calmante Comichão Pele Atópica

200 ml";https://wells.pt/exomega-control-emollient-balm-6312406.html;;0;;6312406;25%
20260227_163516Z;27/02/2026;A-Derma;"Exomega Control Emollient Balm

Bálsamo Calmante Comichão Pele Atópica

400 ml";https://wells.pt/exomega-control-emollient-balm-6312407.html;;0;;6312407;35%
20260227_163516Z;27/02/2026;A-Derma;"Exomega Control Emollient Balm Anti-Scratching

Bálsamo Emoliente pele Atópica Oferta Óleo Duche

400 ml + 200 ml";https://wells.pt/exomega-control-emollient-balm-anti-scratching-6452933.html;;1;27/02/2026;6452933;Sem desconto
20260227_163516Z;27/02/2026;A-Derma;"Exomega Control Emollient Cream

Creme Nutritivo Calmante Comichão Pele Atópica

50 ml";https://wells.pt/exomega-control-emollient-cream-6312410.html;;0;;6312410;30%
20260227_163516Z;27/02/2026;A-Derma;"Exomega Control Emollient Cream

Creme Nutritivo Calmante Comichão Pele Atópica

200 ml";https://wells.pt/exomega-control-emollient-cream-6312411.html;;0;;6312411;30%
20260227_163516Z;27/02/2026;A-Derma;"Exomega Control Emollient Cream

Creme Nutritivo Calmante Comichão Pele Atópica

400 ml";https://wells.pt/exomega-control-emollient-cream-6312413.html;;0;;6312413;35%
20260227_163516Z;27/02/2026;A-Derma;"Exomega Control Emollient Foaming Gel

Gel Espuma Calmante Comichão da Pele Atópica

200 ml";https://wells.pt/exomega-control-emollient-foaming-gel-6587158.html;;0;;6587158;25%
20260227_163516Z;27/02/2026;A-Derma;"Exomega Control Emollient Foaming Gel

Gel Espuma Calmante Comichão da Pele Atópica

500 ml";https://wells.pt/exomega-control-emollient-foaming-gel-6587175.html;;0;;6587175;30%
20260227_163516Z;27/02/2026;A-Derma;"Exomega Control Emollient Lotion

Leite Nutritivo Calmante Comichão Pele Atópica

200 ml";https://wells.pt/exomega-control-emollient-lotion-6312431.html;;0;;6312431;25%
20260227_163516Z;27/02/2026;A-Derma;"Exomega Control Emollient Lotion

Leite Nutritivo Calmante Comichão Pele Atópica

400 ml";https://wells.pt/exomega-control-emollient-lotion-6312533.html;;0;;6312533;25%
20260227_163516Z;27/02/2026;A-Derma;"Exomega Control Emollient Solar Cream

Creme Pele Atópica Seca Eczema com SPF50+

150 ml";https://wells.pt/exomega-control-emollient-solar-cream-8605711.html;;0;;8605711;25%
20260227_163516Z;27/02/2026;A-Derma;"Exomega Control Repairing Emollient Night

Creme Noite Rosto e Corpo Reparador Emoliente";https://wells.pt/exomega-control-repairing-emollient-night-375076.html;200 ml;0;;8204856;25%
20260227_163516Z;27/02/2026;A-Derma;"Exomega Control Repairing Emollient Night

Creme Noite Rosto e Corpo Reparador Emoliente";https://wells.pt/exomega-control-repairing-emollient-night-375076.html;400 ml;0;;8204866;25%
20260227_163516Z;27/02/2026;A-Derma;"Hand & Nail Cream Hydrating

Creme Hidratante de Mãos e Unhas Pele Seca

50 ml";https://wells.pt/hand-and-nail-cream-hydrating-7680472.html;;0;;7680472;25%
20260227_163516Z;27/02/2026;A-Derma;"Hydrating Shower Cream 3 in 1

Creme de Duche Rosto Corpo e Cabelo de Aveia

750 ml";https://wells.pt/hydrating-shower-cream-3-in-1-8429927.html;;0;;8429927;25%
20260227_163516Z;27/02/2026;A-Derma;"Lip Stick

Stick Lábios Hidratante e Reparador Pele Seca

4 gr";https://wells.pt/lip-stick-5976847.html;;0;;5976847;25%
20260227_163516Z;27/02/2026;A-Derma;"Protect AC Mattifying Fluid SPF50+

Protetor Solar Fluido Mate Rosto Pele Oleosa

40ml";https://wells.pt/protect-ac-mattifying-fluid-spf50-5782463.html;;0;;5782463;25%
20260227_163516Z;27/02/2026;A-Derma;"Protect AD Cream SPF50+

Protetor Solar Creme Rosto Pele Atópica

150ml";https://wells.pt/protect-ad-cream-spf50-5782464.html;;0;;5782464;25%
20260227_163516Z;27/02/2026;A-Derma;"Protect AH Repairing Lotion After-Sun

Leite Reparador Rosto e Corpo Pós-Solar";https://wells.pt/protect-ah-repairing-lotion-after-sun-5782495.html;;0;;5782495;25%
20260227_163516Z;27/02/2026;A-Derma;"Protect Cream SPF50+

Protetor Solar Creme Rosto Pele Seca

40 ml";https://wells.pt/protect-cream-spf50-5782489.html;;0;;5782489;25%
20260227_163516Z;27/02/2026;A-Derma;"Protect Cream SPF50+

Protetor Solar Creme Rosto Sem Perfume";https://wells.pt/protect-cream-spf50-6902188.html;;0;;6902188;25%
20260227_163516Z;27/02/2026;A-Derma;"Protect Invisible Fluid SPF50+

Protetor Solar Fluido Rosto Pele Oleosa

40ml";https://wells.pt/protect-invisible-fluid-spf50-6902190.html;;0;;6902190;25%
20260227_163516Z;27/02/2026;A-Derma;"Protect Kids Chlidren Lotion SPF50+

Protetor Solar Leite Rosto Corpo Bebé Criança

250ml";https://wells.pt/protect-kids-chlidren-lotion-spf50-6546057.html;;0;;6546057;25%
20260227_163516Z;27/02/2026;A-Derma;"Protect Kids Chlidren Spray SPF50+

Protetor Solar Spray Rosto Corpo Criança

200ml";https://wells.pt/protect-kids-chlidren-spray-spf50-5782491.html;;0;;5782491;25%
20260227_163516Z;27/02/2026;A-Derma;"Protect Lotion SPF50+

Protetor Sola Leite Rosto Corpo Pele Sensível";https://wells.pt/protect-lotion-spf50-6902145.html;;0;;6902145;25%
20260227_163516Z;27/02/2026;A-Derma;"Protect Pocket Invisible Fluid SPF50+

Protetor Solar Fluido Rosto Pele Oleosa

30 ml";https://wells.pt/protect-pocket-invisible-fluid-spf50-7755407.html;;0;;7755407;25%
20260227_163516Z;27/02/2026;A-Derma;"Protect Spray SPF50+

Protetor Solar Spray Rosto Corpo Pele Sensível

200ml";https://wells.pt/protect-spray-spf50-5782493.html;;0;;5782493;25%
20260227_163516Z;27/02/2026;A-Derma;"Soothing Dermatololical Bar

Sabonete Dermatológico para a Pele Sensível

100gr";https://wells.pt/soothing-dermatololical-bar-3026152.html;;0;;3026152;25%
20260227_163516Z;27/02/2026;A-Derma;"Ultra-rich Shower Gel 3in1

Gel Duche Nutritivo e Calmante Pele Seca

750 ml";https://wells.pt/ultra-rich-shower-gel-3in1-6037067.html;;0;;6037067;25%
20260227_163516Z;27/02/2026;A-Derma;"Universal Cream Hydrating Hyaluronic Acid

Creme Universal Hidratante Reparador Pele Seca

150 ml";https://wells.pt/universal-cream-hydrating-hyaluronic-acid-3692029.html;;1;27/02/2026;3692029;25%
